/* Auto-generated — DO NOT EDIT */
#include "g_power_on_wav.h"

const uint32_t g_power_on_wav_size = 17684;

const uint8_t g_power_on_wav[] = {
    0x52, 0x49, 0x46, 0x46, 0x0C, 0x45, 0x00, 0x00, 0x57, 0x41, 0x56, 0x45, 0x66, 0x6D, 0x74, 0x20,
    0x10, 0x00, 0x00, 0x00, 0x01, 0x00, 0x01, 0x00, 0x44, 0xAC, 0x00, 0x00, 0x88, 0x58, 0x01, 0x00,
    0x02, 0x00, 0x10, 0x00, 0x64, 0x61, 0x74, 0x61, 0xE8, 0x44, 0x00, 0x00, 0x00, 0x00, 0x03, 0x00,
    0x0F, 0x00, 0x23, 0x00, 0x3F, 0x00, 0x61, 0x00, 0x8B, 0x00, 0xBC, 0x00, 0xF4, 0x00, 0x31, 0x01,
    0x74, 0x01, 0xBC, 0x01, 0x08, 0x02, 0x58, 0x02, 0xAB, 0x02, 0x01, 0x03, 0x58, 0x03, 0xB0, 0x03,
    0x08, 0x04, 0x60, 0x04, 0xB6, 0x04, 0x0A, 0x05, 0x5B, 0x05, 0xA8, 0x05, 0xF0, 0x05, 0x33, 0x06,
    0x6F, 0x06, 0xA5, 0x06, 0xD3, 0x06, 0xF9, 0x06, 0x16, 0x07, 0x29, 0x07, 0x32, 0x07, 0x30, 0x07,
    0x24, 0x07, 0x0C, 0x07, 0xE8, 0x06, 0xB8, 0x06, 0x7D, 0x06, 0x34, 0x06, 0xE0, 0x05, 0x7F, 0x05,
    0x12, 0x05, 0x99, 0x04, 0x14, 0x04, 0x84, 0x03, 0xE8, 0x02, 0x42, 0x02, 0x92, 0x01, 0xD9, 0x00,
    0x16, 0x00, 0x4D, 0xFF, 0x7B, 0xFE, 0xA3, 0xFD, 0xC5, 0xFC, 0xE4, 0xFB, 0xFE, 0xFA, 0x16, 0xFA,
    0x2D, 0xF9, 0x44, 0xF8, 0x5C, 0xF7, 0x76, 0xF6, 0x93, 0xF5, 0xB5, 0xF4, 0xDD, 0xF3, 0x0C, 0xF3,
    0x44, 0xF2, 0x85, 0xF1, 0xD0, 0xF0, 0x27, 0xF0, 0x8C, 0xEF, 0xFE, 0xEE, 0x7F, 0xEE, 0x10, 0xEE,
    0xB3, 0xED, 0x67, 0xED, 0x2E, 0xED, 0x08, 0xED, 0xF6, 0xEC, 0xF9, 0xEC, 0x10, 0xED, 0x3D, 0xED,
    0x80, 0xED, 0xD9, 0xED, 0x48, 0xEE, 0xCC, 0xEE, 0x67, 0xEF, 0x17, 0xF0, 0xDD, 0xF0, 0xB8, 0xF1,
    0xA7, 0xF2, 0xAA, 0xF3, 0xC0, 0xF4, 0xE8, 0xF5, 0x21, 0xF7, 0x6B, 0xF8, 0xC4, 0xF9, 0x2B, 0xFB,
    0x9F, 0xFC, 0x1D, 0xFE, 0xA6, 0xFF, 0x36, 0x01, 0xCE, 0x02, 0x6A, 0x04, 0x0B, 0x06, 0xAD, 0x07,
    0x4E, 0x09, 0xEE, 0x0A, 0x8A, 0x0C, 0x21, 0x0E, 0xAF, 0x0F, 0x35, 0x11, 0xB0, 0x12, 0x1E, 0x14,
    0x7D, 0x15, 0xCB, 0x16, 0x08, 0x18, 0x31, 0x19, 0x44, 0x1A, 0x40, 0x1B, 0x24, 0x1C, 0xEF, 0x1C,
    0x9E, 0x1D, 0x31, 0x1E, 0xA7, 0x1E, 0xFF, 0x1E, 0x37, 0x1F, 0x50, 0x1F, 0x49, 0x1F, 0x21, 0x1F,
    0xD7, 0x1E, 0x6D, 0x1E, 0xE0, 0x1D, 0x33, 0x1D, 0x65, 0x1C, 0x75, 0x1B, 0x66, 0x1A, 0x37, 0x19,
    0xEA, 0x17, 0x7E, 0x16, 0xF6, 0x14, 0x53, 0x13, 0x96, 0x11, 0xC0, 0x0F, 0xD3, 0x0D, 0xD0, 0x0B,
    0xBB, 0x09, 0x94, 0x07, 0x5D, 0x05, 0x19, 0x03, 0xCB, 0x00, 0x75, 0xFE, 0x17, 0xFC, 0xB5, 0xF9,
    0x51, 0xF7, 0xEF, 0xF4, 0x90, 0xF2, 0x37, 0xF0, 0xE7, 0xED, 0xA2, 0xEB, 0x6A, 0xE9, 0x43, 0xE7,
    0x2E, 0xE5, 0x2F, 0xE3, 0x47, 0xE1, 0x78, 0xDF, 0xC6, 0xDD, 0x31, 0xDC, 0xBD, 0xDA, 0x6A, 0xD9,
    0x3B, 0xD8, 0x32, 0xD7, 0x4F, 0xD6, 0x94, 0xD5, 0x03, 0xD5, 0x9D, 0xD4, 0x62, 0xD4, 0x53, 0xD4,
    0x71, 0xD4, 0xBC, 0xD4, 0x35, 0xD5, 0xDA, 0xD5, 0xAD, 0xD6, 0xAD, 0xD7, 0xD8, 0xD8, 0x2F, 0xDA,
    0xB1, 0xDB, 0x5C, 0xDD, 0x2F, 0xDF, 0x29, 0xE1, 0x48, 0xE3, 0x8B, 0xE5, 0xEE, 0xE7, 0x71, 0xEA,
    0x0F, 0xED, 0xC9, 0xEF, 0x9B, 0xF2, 0x81, 0xF5, 0x7A, 0xF8, 0x82, 0xFB, 0x97, 0xFE, 0xB4, 0x01,
    0xD8, 0x04, 0xFF, 0x07, 0x27, 0x0B, 0x4A, 0x0E, 0x67, 0x11, 0x7A, 0x14, 0x80, 0x17, 0x75, 0x1A,
    0x56, 0x1D, 0x21, 0x20, 0xD1, 0x22, 0x64, 0x25, 0xD8, 0x27, 0x28, 0x2A, 0x53, 0x2C, 0x56, 0x2E,
    0x2E, 0x30, 0xDA, 0x31, 0x56, 0x33, 0xA1, 0x34, 0xBA, 0x35, 0x9F, 0x36, 0x4E, 0x37, 0xC6, 0x37,
    0x06, 0x38, 0x0D, 0x38, 0xDB, 0x37, 0x71, 0x37, 0xCC, 0x36, 0xEE, 0x35, 0xD8, 0x34, 0x88, 0x33,
    0x02, 0x32, 0x45, 0x30, 0x53, 0x2E, 0x2E, 0x2C, 0xD7, 0x29, 0x51, 0x27, 0x9C, 0x24, 0xBD, 0x21,
    0xB5, 0x1E, 0x88, 0x1B, 0x38, 0x18, 0xC8, 0x14, 0x3B, 0x11, 0x96, 0x0D, 0xDB, 0x09, 0x0F, 0x06,
    0x35, 0x02, 0x52, 0xFE, 0x67, 0xFA, 0x79, 0xF6, 0x8E, 0xF2, 0xA8, 0xEE, 0xCC, 0xEA, 0xFE, 0xE6,
    0x42, 0xE3, 0x9C, 0xDF, 0x0F, 0xDC, 0xA0, 0xD8, 0x52, 0xD5, 0x29, 0xD2, 0x29, 0xCF, 0x54, 0xCC,
    0xAE, 0xC9, 0x3B, 0xC7, 0xFC, 0xC4, 0xF5, 0xC2, 0x29, 0xC1, 0x99, 0xBF, 0x47, 0xBE, 0x36, 0xBD,
    0x66, 0xBC, 0xDA, 0xBB, 0x92, 0xBB, 0x8F, 0xBB, 0xD1, 0xBB, 0x5A, 0xBC, 0x27, 0xBD, 0x3B, 0xBE,
    0x93, 0xBF, 0x2F, 0xC1, 0x0E, 0xC3, 0x2E, 0xC5, 0x8D, 0xC7, 0x2B, 0xCA, 0x03, 0xCD, 0x15, 0xD0,
    0x5C, 0xD3, 0xD6, 0xD6, 0x82, 0xDA, 0x59, 0xDE, 0x58, 0xE2, 0x7E, 0xE6, 0xC4, 0xEA, 0x27, 0xEF,
    0xA3, 0xF3, 0x33, 0xF8, 0xD3, 0xFC, 0x7C, 0x01, 0x2E, 0x06, 0xE1, 0x0A, 0x91, 0x0F, 0x3A, 0x14,
    0xD6, 0x18, 0x5F, 0x1D, 0xD3, 0x21, 0x2D, 0x26, 0x66, 0x2A, 0x7B, 0x2E, 0x69, 0x32, 0x29, 0x36,
    0xB9, 0x39, 0x14, 0x3D, 0x36, 0x40, 0x1D, 0x43, 0xC4, 0x45, 0x29, 0x48, 0x48, 0x4A, 0x1F, 0x4C,
    0xAD, 0x4D, 0xEE, 0x4E, 0xE0, 0x4F, 0x84, 0x50, 0xD7, 0x50, 0xD8, 0x50, 0x88, 0x50, 0xE5, 0x4F,
    0xF0, 0x4E, 0xAA, 0x4D, 0x13, 0x4C, 0x2D, 0x4A, 0xF9, 0x47, 0x77, 0x45, 0xAC, 0x42, 0x9A, 0x3F,
    0x42, 0x3C, 0xA7, 0x38, 0xCF, 0x34, 0xBA, 0x30, 0x6F, 0x2C, 0xEF, 0x27, 0x41, 0x23, 0x68, 0x1E,
    0x68, 0x19, 0x48, 0x14, 0x0B, 0x0F, 0xB8, 0x09, 0x53, 0x04, 0xE3, 0xFE, 0x6B, 0xF9, 0xF1, 0xF3,
    0x7C, 0xEE, 0x10, 0xE9, 0xB4, 0xE3, 0x6D, 0xDE, 0x40, 0xD9, 0x34, 0xD4, 0x4C, 0xCF, 0x8E, 0xCA,
    0x00, 0xC6, 0xA6, 0xC1, 0x85, 0xBD, 0xA2, 0xB9, 0x00, 0xB6, 0xA4, 0xB2, 0x92, 0xAF, 0xCD, 0xAC,
    0x58, 0xAA, 0x37, 0xA8, 0x6B, 0xA6, 0xF8, 0xA4, 0xDF, 0xA3, 0x21, 0xA3, 0xC1, 0xA2, 0xBE, 0xA2,
    0x1A, 0xA3, 0xD5, 0xA3, 0xED, 0xA4, 0x63, 0xA6, 0x36, 0xA8, 0x64, 0xAA, 0xEC, 0xAC, 0xCB, 0xAF,
    0xFF, 0xB2, 0x85, 0xB6, 0x5B, 0xBA, 0x7C, 0xBE, 0xE4, 0xC2, 0x90, 0xC7, 0x7C, 0xCC, 0xA2, 0xD1,
    0xFE, 0xD6, 0x8A, 0xDC, 0x41, 0xE2, 0x1D, 0xE8, 0x1A, 0xEE, 0x30, 0xF4, 0x5B, 0xFA, 0x90, 0x00,
    0xCF, 0x06, 0x0F, 0x0D, 0x4A, 0x13, 0x7A, 0x19, 0x97, 0x1F, 0x9C, 0x25, 0x83, 0x2B, 0x45, 0x31,
    0xDD, 0x36, 0x43, 0x3C, 0x74, 0x41, 0x69, 0x46, 0x1D, 0x4B, 0x8C, 0x4F, 0xAE, 0x53, 0x82, 0x57,
    0x02, 0x5B, 0x2A, 0x5E, 0xF6, 0x60, 0x65, 0x63, 0x71, 0x65, 0x19, 0x67, 0x5B, 0x68, 0x36, 0x69,
    0xA6, 0x69, 0xAD, 0x69, 0x49, 0x69, 0x7A, 0x68, 0x40, 0x67, 0x9D, 0x65, 0x90, 0x63, 0x1D, 0x61,
    0x45, 0x5E, 0x0A, 0x5B, 0x6F, 0x57, 0x78, 0x53, 0x27, 0x4F, 0x82, 0x4A, 0x8B, 0x45, 0x49, 0x40,
    0x9E, 0x3A, 0xB8, 0x34, 0x9C, 0x2E, 0x52, 0x28, 0xDF, 0x21, 0x4A, 0x1B, 0x9A, 0x14, 0xD4, 0x0D,
    0x01, 0x07, 0x27, 0x00, 0x4E, 0xF9, 0x7B, 0xF2, 0xB5, 0xEB, 0x03, 0xE5, 0x6D, 0xDE, 0xF8, 0xD7,
    0xAC, 0xD1, 0x8E, 0xCB, 0xA5, 0xC5, 0xF7, 0xBF, 0x89, 0xBA, 0x61, 0xB5, 0x84, 0xB0, 0xF7, 0xAB,
    0xBF, 0xA7, 0xDF, 0xA3, 0x5C, 0xA0, 0x39, 0x9D, 0x7A, 0x9A, 0x20, 0x98, 0x2F, 0x96, 0xA9, 0x94,
    0x8E, 0x93, 0xE1, 0x92, 0xA1, 0x92, 0xCF, 0x92, 0x6B, 0x93, 0x74, 0x94, 0xEA, 0x95, 0xCA, 0x97,
    0x13, 0x9A, 0xC2, 0x9C, 0xD6, 0x9F, 0x4A, 0xA3, 0x1B, 0xA7, 0x46, 0xAB, 0xC5, 0xAF, 0x96, 0xB4,
    0xB2, 0xB9, 0x16, 0xBF, 0xBA, 0xC4, 0x9A, 0xCA, 0xB0, 0xD0, 0xF5, 0xD6, 0x64, 0xDD, 0xF5, 0xE3,
    0xA3, 0xEA, 0x66, 0xF1, 0x38, 0xF8, 0x11, 0xFF, 0xEB, 0x05, 0xBF, 0x0C, 0x87, 0x13, 0x3B, 0x1A,
    0xD5, 0x20, 0x4E, 0x27, 0x9F, 0x2D, 0xC2, 0x33, 0xB2, 0x39, 0x67, 0x3F, 0xDC, 0x44, 0x0C, 0x4A,
    0xF2, 0x4E, 0x89, 0x53, 0xCB, 0x57, 0xB5, 0x5B, 0x43, 0x5F, 0x71, 0x62, 0x3C, 0x65, 0xA1, 0x67,
    0x9E, 0x69, 0x30, 0x6B, 0x57, 0x6C, 0x11, 0x6D, 0x5D, 0x6D, 0x3C, 0x6D, 0xAC, 0x6C, 0xAF, 0x6B,
    0x46, 0x6A, 0x72, 0x68, 0x35, 0x66, 0x91, 0x63, 0x89, 0x60, 0x1F, 0x5D, 0x59, 0x59, 0x38, 0x55,
    0xC2, 0x50, 0xFA, 0x4B, 0xE6, 0x46, 0x8B, 0x41, 0xED, 0x3B, 0x14, 0x36, 0x04, 0x30, 0xC4, 0x29,
    0x59, 0x23, 0xCC, 0x1C, 0x21, 0x16, 0x60, 0x0F, 0x8F, 0x08, 0xB6, 0x01, 0xDD, 0xFA, 0x07, 0xF4,
    0x3D, 0xED, 0x87, 0xE6, 0xE9, 0xDF, 0x6D, 0xD9, 0x17, 0xD3, 0xEE, 0xCC, 0xF8, 0xC6, 0x3C, 0xC1,
    0xBF, 0xBB, 0x87, 0xB6, 0x98, 0xB1, 0xF9, 0xAC, 0xAD, 0xA8, 0xB8, 0xA4, 0x20, 0xA1, 0xE7, 0x9D,
    0x11, 0x9B, 0xA0, 0x98, 0x97, 0x96, 0xF8, 0x94, 0xC5, 0x93, 0xFE, 0x92, 0xA6, 0x92, 0xBB, 0x92,
    0x3E, 0x93, 0x2F, 0x94, 0x8C, 0x95, 0x54, 0x97, 0x85, 0x99, 0x1D, 0x9C, 0x1A, 0x9F, 0x79, 0xA2,
    0x35, 0xA6, 0x4C, 0xAA, 0xB8, 0xAE, 0x77, 0xB3, 0x83, 0xB8, 0xD6, 0xBD, 0x6C, 0xC3, 0x3F, 0xC9,
    0x49, 0xCF, 0x84, 0xD5, 0xEA, 0xDB, 0x74, 0xE2, 0x1C, 0xE9, 0xDB, 0xEF, 0xAA, 0xF6, 0x82, 0xFD,
    0x5C, 0x04, 0x33, 0x0B, 0xFE, 0x11, 0xB7, 0x18, 0x58, 0x1F, 0xD8, 0x25, 0x33, 0x2C, 0x61, 0x32,
    0x5D, 0x38, 0x20, 0x3E, 0xA5, 0x43, 0xE5, 0x48, 0xDC, 0x4D, 0x85, 0x52, 0xDB, 0x56, 0xD9, 0x5A,
    0x7C, 0x5E, 0xC0, 0x61, 0xA2, 0x64, 0x1E, 0x67, 0x33, 0x69, 0xDE, 0x6A, 0x1E, 0x6C, 0xF1, 0x6C,
    0x56, 0x6D, 0x4D, 0x6D, 0xD6, 0x6C, 0xF2, 0x6B, 0xA1, 0x6A, 0xE6, 0x68, 0xC0, 0x66, 0x33, 0x64,
    0x42, 0x61, 0xEE, 0x5D, 0x3C, 0x5A, 0x30, 0x56, 0xCC, 0x51, 0x17, 0x4D, 0x14, 0x48, 0xC8, 0x42,
    0x39, 0x3D, 0x6D, 0x37, 0x69, 0x31, 0x33, 0x2B, 0xD2, 0x24, 0x4C, 0x1E, 0xA7, 0x17, 0xEA, 0x10,
    0x1D, 0x0A, 0x45, 0x03, 0x6B, 0xFC, 0x94, 0xF5, 0xC7, 0xEE, 0x0B, 0xE8, 0x68, 0xE1, 0xE3, 0xDA,
    0x84, 0xD4, 0x50, 0xCE, 0x4E, 0xC8, 0x85, 0xC2, 0xF9, 0xBC, 0xB0, 0xB7, 0xB1, 0xB2, 0xFF, 0xAD,
    0x9F, 0xA9, 0x97, 0xA5, 0xE9, 0xA1, 0x9A, 0x9E, 0xAD, 0x9B, 0x25, 0x99, 0x04, 0x97, 0x4D, 0x95,
    0x01, 0x94, 0x22, 0x93, 0xB0, 0x92, 0xAC, 0x92, 0x17, 0x93, 0xEE, 0x93, 0x33, 0x95, 0xE3, 0x96,
    0xFC, 0x98, 0x7D, 0x9B, 0x64, 0x9E, 0xAC, 0xA1, 0x53, 0xA5, 0x56, 0xA9, 0xB0, 0xAD, 0x5C, 0xB2,
    0x57, 0xB7, 0x9A, 0xBC, 0x22, 0xC2, 0xE7, 0xC7, 0xE5, 0xCD, 0x16, 0xD4, 0x72, 0xDA, 0xF5, 0xE0,
    0x96, 0xE7, 0x51, 0xEE, 0x1D, 0xF5, 0xF4, 0xFB, 0xCD, 0x02, 0xA6, 0x09, 0x74, 0x10, 0x32, 0x17,
    0xD9, 0x1D, 0x61, 0x24, 0xC5, 0x2A, 0xFE, 0x30, 0x06, 0x37, 0xD6, 0x3C, 0x69, 0x42, 0xBA, 0x47,
    0xC2, 0x4C, 0x7D, 0x51, 0xE6, 0x55, 0xF9, 0x59, 0xB1, 0x5D, 0x0B, 0x61, 0x03, 0x64, 0x97, 0x66,
    0xC3, 0x68, 0x87, 0x6A, 0xDF, 0x6B, 0xCA, 0x6C, 0x48, 0x6D, 0x59, 0x6D, 0xFB, 0x6C, 0x30, 0x6C,
    0xF7, 0x6A, 0x54, 0x69, 0x46, 0x67, 0xD1, 0x64, 0xF6, 0x61, 0xB8, 0x5E, 0x1C, 0x5B, 0x23, 0x57,
    0xD3, 0x52, 0x30, 0x4E, 0x3E, 0x49, 0x02, 0x44, 0x82, 0x3E, 0xC4, 0x38, 0xCC, 0x32, 0xA1, 0x2C,
    0x49, 0x26, 0xCA, 0x1F, 0x2C, 0x19, 0x74, 0x12, 0xAA, 0x0B, 0xD4, 0x04, 0xFA, 0xFD, 0x21, 0xF7,
    0x51, 0xF0, 0x91, 0xE9, 0xE7, 0xE2, 0x5B, 0xDC, 0xF3, 0xD5, 0xB5, 0xCF, 0xA7, 0xC9, 0xD0, 0xC3,
    0x36, 0xBE, 0xDD, 0xB8, 0xCD, 0xB3, 0x09, 0xAF, 0x96, 0xAA, 0x79, 0xA6, 0xB7, 0xA2, 0x52, 0x9F,
    0x4E, 0x9C, 0xAF, 0x99, 0x77, 0x97, 0xA7, 0x95, 0x43, 0x94, 0x4B, 0x93, 0xC0, 0x92, 0xA4, 0x92,
    0xF5, 0x92, 0xB4, 0x93, 0xE0, 0x94, 0x77, 0x96, 0x79, 0x98, 0xE3, 0x9A, 0xB2, 0x9D, 0xE5, 0xA0,
    0x77, 0xA4, 0x65, 0xA8, 0xAB, 0xAC, 0x45, 0xB1, 0x2E, 0xB6, 0x62, 0xBB, 0xDA, 0xC0, 0x92, 0xC6,
    0x84, 0xCC, 0xAA, 0xD2, 0xFD, 0xD8, 0x77, 0xDF, 0x12, 0xE6, 0xC7, 0xEC, 0x90, 0xF3, 0x65, 0xFA,
    0x3F, 0x01, 0x18, 0x08, 0xE9, 0x0E, 0xAC, 0x15, 0x58, 0x1C, 0xE8, 0x22, 0x55, 0x29, 0x98, 0x2F,
    0xAC, 0x35, 0x89, 0x3B, 0x2B, 0x41, 0x8B, 0x46, 0xA4, 0x4B, 0x71, 0x50, 0xED, 0x54, 0x13, 0x59,
    0xE1, 0x5C, 0x50, 0x60, 0x5F, 0x63, 0x0A, 0x66, 0x4E, 0x68, 0x29, 0x6A, 0x9A, 0x6B, 0x9E, 0x6C,
    0x35, 0x6D, 0x5F, 0x6D, 0x1A, 0x6D, 0x67, 0x6C, 0x48, 0x6B, 0xBD, 0x69, 0xC7, 0x67, 0x69, 0x65,
    0xA5, 0x62, 0x7D, 0x5F, 0xF6, 0x5B, 0x12, 0x58, 0xD6, 0x53, 0x45, 0x4F, 0x64, 0x4A, 0x39, 0x45,
    0xC8, 0x3F, 0x17, 0x3A, 0x2C, 0x34, 0x0C, 0x2E, 0xBD, 0x27, 0x47, 0x21, 0xAF, 0x1A, 0xFD, 0x13,
    0x36, 0x0D, 0x62, 0x06, 0x89, 0xFF, 0xAF, 0xF8, 0xDC, 0xF1, 0x18, 0xEB, 0x69, 0xE4, 0xD5, 0xDD,
    0x64, 0xD7, 0x1C, 0xD1, 0x03, 0xCB, 0x1F, 0xC5, 0x76, 0xBF, 0x0E, 0xBA, 0xED, 0xB4, 0x17, 0xB0,
    0x91, 0xAB, 0x61, 0xA7, 0x89, 0xA3, 0x0F, 0xA0, 0xF5, 0x9C, 0x3F, 0x9A, 0xEF, 0x97, 0x07, 0x96,
    0x8A, 0x94, 0x7A, 0x93, 0xD6, 0x92, 0xA1, 0x92, 0xD9, 0x92, 0x7F, 0x93, 0x92, 0x94, 0x11, 0x96,
    0xFB, 0x97, 0x4D, 0x9A, 0x06, 0x9D, 0x22, 0xA0, 0x9F, 0xA3, 0x78, 0xA7, 0xAB, 0xAB, 0x32, 0xB0,
    0x0A, 0xB5, 0x2D, 0xBA, 0x96, 0xBF, 0x40, 0xC5, 0x25, 0xCB, 0x40, 0xD1, 0x89, 0xD7, 0xFB, 0xDD,
    0x8F, 0xE4, 0x3F, 0xEB, 0x04, 0xF2, 0xD7, 0xF8, 0xB1, 0xFF, 0x8A, 0x06, 0x5E, 0x0D, 0x24, 0x14,
    0xD6, 0x1A, 0x6D, 0x21, 0xE2, 0x27, 0x30, 0x2E, 0x4F, 0x34, 0x39, 0x3A, 0xE9, 0x3F, 0x58, 0x45,
    0x82, 0x4A, 0x60, 0x4F, 0xEF, 0x53, 0x2A, 0x58, 0x0B, 0x5C, 0x91, 0x5F, 0xB6, 0x62, 0x78, 0x65,
    0xD3, 0x67, 0xC7, 0x69, 0x50, 0x6B, 0x6D, 0x6C, 0x1D, 0x6D, 0x5F, 0x6D, 0x33, 0x6D, 0x9A, 0x6C,
    0x93, 0x6B, 0x20, 0x6A, 0x42, 0x68, 0xFB, 0x65, 0x4E, 0x63, 0x3D, 0x60, 0xCB, 0x5C, 0xFC, 0x58,
    0xD4, 0x54, 0x56, 0x50, 0x87, 0x4B, 0x6C, 0x46, 0x0B, 0x41, 0x68, 0x3B, 0x89, 0x35, 0x74, 0x2F,
    0x30, 0x29, 0xC2, 0x22, 0x32, 0x1C, 0x84, 0x15, 0xC2, 0x0E, 0xF0, 0x07, 0x17, 0x01, 0x3D, 0xFA,
    0x68, 0xF3, 0xA0, 0xEC, 0xEC, 0xE5, 0x51, 0xDF, 0xD8, 0xD8, 0x85, 0xD2, 0x61, 0xCC, 0x70, 0xC6,
    0xBA, 0xC0, 0x43, 0xBB, 0x11, 0xB6, 0x29, 0xB1, 0x91, 0xAC, 0x4D, 0xA8, 0x61, 0xA4, 0xD1, 0xA0,
    0xA1, 0x9D, 0xD4, 0x9A, 0x6C, 0x98, 0x6D, 0x96, 0xD8, 0x94, 0xAE, 0x93, 0xF2, 0x92, 0xA3, 0x92,
    0xC2, 0x92, 0x4F, 0x93, 0x4A, 0x94, 0xB1, 0x95, 0x82, 0x97, 0xBD, 0x99, 0x5F, 0x9C, 0x65, 0x9F,
    0xCC, 0xA2, 0x90, 0xA6, 0xAF, 0xAA, 0x24, 0xAF, 0xE9, 0xB3, 0xFC, 0xB8, 0x56, 0xBE, 0xF1, 0xC3,
    0xCA, 0xC9, 0xD8, 0xCF, 0x18, 0xD6, 0x81, 0xDC, 0x0E, 0xE3, 0xB8, 0xE9, 0x79, 0xF0, 0x49, 0xF7,
    0x22, 0xFE, 0xFC, 0x04, 0xD1, 0x0B, 0x9B, 0x12, 0x53, 0x19, 0xF0, 0x1F, 0x6E, 0x26, 0xC5, 0x2C,
    0xEF, 0x32, 0xE6, 0x38, 0xA3, 0x3E, 0x22, 0x44, 0x5C, 0x49, 0x4C, 0x4E, 0xED, 0x52, 0x3B, 0x57,
    0x32, 0x5B, 0xCC, 0x5E, 0x07, 0x62, 0xE0, 0x64, 0x53, 0x67, 0x5E, 0x69, 0x00, 0x6B, 0x35, 0x6C,
    0xFE, 0x6C, 0x5A, 0x6D, 0x47, 0x6D, 0xC6, 0x6C, 0xD8, 0x6B, 0x7E, 0x6A, 0xB8, 0x68, 0x89, 0x66,
    0xF3, 0x63, 0xF8, 0x60, 0x9C, 0x5D, 0xE2, 0x59, 0xCD, 0x55, 0x62, 0x51, 0xA5, 0x4C, 0x9B, 0x47,
    0x4A, 0x42, 0xB5, 0x3C, 0xE3, 0x36, 0xDA, 0x30, 0xA0, 0x2A, 0x3C, 0x24, 0xB2, 0x1D, 0x0B, 0x17,
    0x4D, 0x10, 0x7E, 0x09, 0xA6, 0x02, 0xCC, 0xFB, 0xF5, 0xF4, 0x29, 0xEE, 0x70, 0xE7, 0xCF, 0xE0,
    0x4D, 0xDA, 0xF1, 0xD3, 0xC2, 0xCD, 0xC5, 0xC7, 0x01, 0xC2, 0x7B, 0xBC, 0x39, 0xB7, 0x40, 0xB2,
    0x95, 0xAD, 0x3E, 0xA9, 0x3D, 0xA5, 0x98, 0xA1, 0x52, 0x9E, 0x6E, 0x9B, 0xEF, 0x98, 0xD8, 0x96,
    0x2A, 0x95, 0xE8, 0x93, 0x13, 0x93, 0xAB, 0x92, 0xB2, 0x92, 0x26, 0x93, 0x07, 0x94, 0x56, 0x95,
    0x0F, 0x97, 0x32, 0x99, 0xBD, 0x9B, 0xAC, 0x9E, 0xFD, 0xA1, 0xAD, 0xA5, 0xB8, 0xA9, 0x19, 0xAE,
    0xCD, 0xB2, 0xCE, 0xB7, 0x18, 0xBD, 0xA6, 0xC2, 0x71, 0xC8, 0x73, 0xCE, 0xA8, 0xD4, 0x08, 0xDB,
    0x8E, 0xE1, 0x32, 0xE8, 0xEE, 0xEE, 0xBB, 0xF5, 0x93, 0xFC, 0x6D, 0x03, 0x45, 0x0A, 0x12, 0x11,
    0xCE, 0x17, 0x72, 0x1E, 0xF8, 0x24, 0x58, 0x2B, 0x8D, 0x31, 0x8F, 0x37, 0x5A, 0x3D, 0xE8, 0x42,
    0x32, 0x48, 0x33, 0x4D, 0xE7, 0x51, 0x48, 0x56, 0x53, 0x5A, 0x03, 0x5E, 0x54, 0x61, 0x43, 0x64,
    0xCE, 0x66, 0xF1, 0x68, 0xAA, 0x6A, 0xF9, 0x6B, 0xDA, 0x6C, 0x4E, 0x6D, 0x55, 0x6D, 0xED, 0x6C,
    0x18, 0x6C, 0xD6, 0x6A, 0x28, 0x69, 0x11, 0x67, 0x92, 0x64, 0xAE, 0x61, 0x68, 0x5E, 0xC3, 0x5A,
    0xC2, 0x56, 0x6B, 0x52, 0xC0, 0x4D, 0xC7, 0x48, 0x85, 0x43, 0xFF, 0x3D, 0x3B, 0x38, 0x3E, 0x32,
    0x0F, 0x2C, 0xB3, 0x25, 0x31, 0x1F, 0x90, 0x18, 0xD7, 0x11, 0x0B, 0x0B, 0x34, 0x04, 0x5A, 0xFD,
    0x82, 0xF6, 0xB3, 0xEF, 0xF5, 0xE8, 0x4E, 0xE2, 0xC4, 0xDB, 0x60, 0xD5, 0x26, 0xCF, 0x1D, 0xC9,
    0x4B, 0xC3, 0xB6, 0xBD, 0x65, 0xB8, 0x5B, 0xB3, 0x9E, 0xAE, 0x33, 0xAA, 0x1E, 0xA6, 0x64, 0xA2,
    0x08, 0x9F, 0x0D, 0x9C, 0x77, 0x99, 0x48, 0x97, 0x82, 0x95, 0x28, 0x94, 0x3A, 0x93, 0xB9, 0x92,
    0xA6, 0x92, 0x02, 0x93, 0xCB, 0x93, 0x00, 0x95, 0xA2, 0x96, 0xAD, 0x98, 0x20, 0x9B, 0xF9, 0x9D,
    0x34, 0xA1, 0xCE, 0xA4, 0xC5, 0xA8, 0x13, 0xAD, 0xB4, 0xB1, 0xA4, 0xB6, 0xDE, 0xBB, 0x5D, 0xC1,
    0x1A, 0xC7, 0x11, 0xCD, 0x3B, 0xD3, 0x92, 0xD9, 0x10, 0xE0, 0xAD, 0xE6, 0x65, 0xED, 0x2F, 0xF4,
    0x04, 0xFB, 0xDE, 0x01, 0xB7, 0x08, 0x87, 0x0F, 0x48, 0x16, 0xF2, 0x1C, 0x7F, 0x23, 0xE8, 0x29,
    0x28, 0x30, 0x36, 0x36, 0x0F, 0x3C, 0xAA, 0x41, 0x04, 0x47, 0x17, 0x4C, 0xDC, 0x50, 0x51, 0x55,
    0x70, 0x59, 0x34, 0x5D, 0x9B, 0x60, 0xA1, 0x63, 0x43, 0x66, 0x7E, 0x68, 0x4F, 0x6A, 0xB6, 0x6B,
    0xB1, 0x6C, 0x3E, 0x6D, 0x5D, 0x6D, 0x0E, 0x6D, 0x52, 0x6C, 0x28, 0x6B, 0x93, 0x69, 0x94, 0x67,
    0x2C, 0x65, 0x5F, 0x62, 0x2F, 0x5F, 0x9F, 0x5B, 0xB3, 0x57, 0x6F, 0x53, 0xD7, 0x4E, 0xEF, 0x49,
    0xBD, 0x44, 0x46, 0x3F, 0x90, 0x39, 0x9F, 0x33, 0x7B, 0x2D, 0x28, 0x27, 0xAF, 0x20, 0x14, 0x1A,
    0x60, 0x13, 0x98, 0x0C, 0xC3, 0x05, 0xE9, 0xFE, 0x10, 0xF8, 0x3E, 0xF1, 0x7C, 0xEA, 0xCE, 0xE3,
    0x3E, 0xDD, 0xD0, 0xD6, 0x8C, 0xD0, 0x77, 0xCA, 0x98, 0xC4, 0xF5, 0xBE, 0x94, 0xB9, 0x79, 0xB4,
    0xAA, 0xAF, 0x2C, 0xAB, 0x04, 0xA7, 0x35, 0xA3, 0xC3, 0x9F, 0xB2, 0x9C, 0x05, 0x9A, 0xBE, 0x97,
    0xE0, 0x95, 0x6D, 0x94, 0x66, 0x93, 0xCD, 0x92, 0xA1, 0x92, 0xE3, 0x92, 0x93, 0x93, 0xB0, 0x94,
    0x39, 0x96, 0x2D, 0x98, 0x88, 0x9A, 0x4A, 0x9D, 0x6F, 0xA0, 0xF5, 0xA3, 0xD6, 0xA7, 0x11, 0xAC,
    0xA0, 0xB0, 0x7E, 0xB5, 0xA8, 0xBA, 0x17, 0xC0, 0xC7, 0xC5, 0xB1, 0xCB, 0xD0, 0xD1, 0x1E, 0xD8,
    0x93, 0xDE, 0x2A, 0xE5, 0xDC, 0xEB, 0xA2, 0xF2, 0x76, 0xF9, 0x4F, 0x00, 0x29, 0x07, 0xFC, 0x0D,
    0xC1, 0x14, 0x71, 0x1B, 0x05, 0x22, 0x77, 0x28, 0xC0, 0x2E, 0xDB, 0x34, 0xC0, 0x3A, 0x6A, 0x40,
    0xD3, 0x45, 0xF6, 0x4A, 0xCE, 0x4F, 0x55, 0x54, 0x88, 0x58, 0x61, 0x5C, 0xDE, 0x5F, 0xFA, 0x62,
    0xB3, 0x65, 0x05, 0x68, 0xEF, 0x69, 0x6E, 0x6B, 0x81, 0x6C, 0x27, 0x6D, 0x5F, 0x6D, 0x2A, 0x6D,
    0x86, 0x6C, 0x76, 0x6B, 0xF9, 0x69, 0x11, 0x68, 0xC1, 0x65, 0x0B, 0x63, 0xF1, 0x5F, 0x77, 0x5C,
    0x9F, 0x58, 0x6F, 0x54, 0xE9, 0x4F, 0x13, 0x4B, 0xF2, 0x45, 0x8A, 0x40, 0xE1, 0x3A, 0xFD, 0x34,
    0xE4, 0x2E, 0x9C, 0x28, 0x2B, 0x22, 0x97, 0x1B, 0xE8, 0x14, 0x24, 0x0E, 0x51, 0x07, 0x77, 0x00,
    0x9E, 0xF9, 0xCA, 0xF2, 0x03, 0xEC, 0x51, 0xE5, 0xB9, 0xDE, 0x43, 0xD8, 0xF4, 0xD1, 0xD4, 0xCB,
    0xE9, 0xC5, 0x38, 0xC0, 0xC7, 0xBA, 0x9C, 0xB5, 0xBB, 0xB0, 0x2A, 0xAC, 0xEE, 0xA7, 0x0A, 0xA4,
    0x83, 0xA0, 0x5B, 0x9D, 0x97, 0x9A, 0x39, 0x98, 0x43, 0x96, 0xB8, 0x94, 0x99, 0x93, 0xE6, 0x92,
    0xA1, 0x92, 0xCB, 0x92, 0x62, 0x93, 0x66, 0x94, 0xD7, 0x95, 0xB2, 0x97, 0xF6, 0x99, 0xA1, 0x9C,
    0xB0, 0x9F, 0x1F, 0xA3, 0xED, 0xA6, 0x13, 0xAB, 0x8F, 0xAF, 0x5C, 0xB4, 0x75, 0xB9, 0xD5, 0xBE,
    0x77, 0xC4, 0x54, 0xCA, 0x68, 0xD0, 0xAB, 0xD6, 0x18, 0xDD, 0xA8, 0xE3, 0x54, 0xEA, 0x17, 0xF1,
    0xE8, 0xF7, 0xC1, 0xFE, 0x9B, 0x05, 0x70, 0x0C, 0x39, 0x13, 0xEE, 0x19, 0x89, 0x20, 0x03, 0x27,
    0x56, 0x2D, 0x7C, 0x33, 0x6E, 0x39, 0x26, 0x3F, 0x9E, 0x44, 0xD2, 0x49, 0xBB, 0x4E, 0x55, 0x53,
    0x9B, 0x57, 0x89, 0x5B, 0x1B, 0x5F, 0x4E, 0x62, 0x1D, 0x65, 0x87, 0x67, 0x89, 0x69, 0x20, 0x6B,
    0x4C, 0x6C, 0x0B, 0x6D, 0x5C, 0x6D, 0x40, 0x6D, 0xB5, 0x6C, 0xBD, 0x6B, 0x59, 0x6A, 0x89, 0x68,
    0x51, 0x66, 0xB2, 0x63, 0xAE, 0x60, 0x49, 0x5D, 0x87, 0x59, 0x6A, 0x55, 0xF7, 0x50, 0x33, 0x4C,
    0x23, 0x47, 0xCA, 0x41, 0x30, 0x3C, 0x59, 0x36, 0x4B, 0x30, 0x0D, 0x2A, 0xA5, 0x23, 0x19, 0x1D,
    0x6F, 0x16, 0xAF, 0x0F, 0xDF, 0x08, 0x06, 0x02, 0x2C, 0xFB, 0x56, 0xF4, 0x8C, 0xED, 0xD4, 0xE6,
    0x36, 0xE0, 0xB7, 0xD9, 0x5F, 0xD3, 0x34, 0xCD, 0x3C, 0xC7, 0x7E, 0xC1, 0xFE, 0xBB, 0xC2, 0xB6,
    0xD0, 0xB1, 0x2D, 0xAD, 0xDD, 0xA8, 0xE4, 0xA4, 0x48, 0xA1, 0x0A, 0x9E, 0x2F, 0x9B, 0xBA, 0x98,
    0xAC, 0x96, 0x09, 0x95, 0xD0, 0x93, 0x05, 0x93, 0xA7, 0x92, 0xB8, 0x92, 0x36, 0x93, 0x21, 0x94,
    0x79, 0x95, 0x3D, 0x97, 0x69, 0x99, 0xFD, 0x9B, 0xF5, 0x9E, 0x4F, 0xA2, 0x07, 0xA6, 0x1A, 0xAA,
    0x83, 0xAE, 0x3E, 0xB3, 0x46, 0xB8, 0x97, 0xBD, 0x2A, 0xC3, 0xFA, 0xC8, 0x02, 0xCF, 0x3B, 0xD5,
    0x9F, 0xDB, 0x27, 0xE2, 0xCE, 0xE8, 0x8C, 0xEF, 0x5A, 0xF6, 0x33, 0xFD, 0x0C, 0x04, 0xE3, 0x0A,
    0xAF, 0x11, 0x6A, 0x18, 0x0B, 0x1F, 0x8E, 0x25, 0xEA, 0x2B, 0x1B, 0x32, 0x19, 0x38, 0xDE, 0x3D,
    0x66, 0x43, 0xA9, 0x48, 0xA4, 0x4D, 0x50, 0x52, 0xAA, 0x56, 0xAD, 0x5A, 0x54, 0x5E, 0x9C, 0x61,
    0x83, 0x64, 0x04, 0x67, 0x1D, 0x69, 0xCD, 0x6A, 0x12, 0x6C, 0xE9, 0x6C, 0x54, 0x6D, 0x50, 0x6D,
    0xDE, 0x6C, 0xFF, 0x6B, 0xB3, 0x6A, 0xFC, 0x68, 0xDB, 0x66, 0x53, 0x64, 0x66, 0x61, 0x17, 0x5E,
    0x69, 0x5A, 0x61, 0x56, 0x01, 0x52, 0x4F, 0x4D, 0x50, 0x48, 0x07, 0x43, 0x7B, 0x3D, 0xB2, 0x37,
    0xB0, 0x31, 0x7C, 0x2B, 0x1D, 0x25, 0x98, 0x1E, 0xF5, 0x17, 0x39, 0x11, 0x6C, 0x0A, 0x95, 0x03,
    0xBB, 0xFC, 0xE3, 0xF5, 0x16, 0xEF, 0x59, 0xE8, 0xB4, 0xE1, 0x2E, 0xDB, 0xCD, 0xD4, 0x97, 0xCE,
    0x93, 0xC8, 0xC7, 0xC2, 0x38, 0xBD, 0xEC, 0xB7, 0xE9, 0xB2, 0x34, 0xAE, 0xD0, 0xA9, 0xC4, 0xA5,
    0x12, 0xA2, 0xBE, 0x9E, 0xCD, 0x9B, 0x40, 0x99, 0x1A, 0x97, 0x5F, 0x95, 0x0E, 0x94, 0x2A, 0x93,
    0xB3, 0x92, 0xAA, 0x92, 0x0F, 0x93, 0xE2, 0x93, 0x22, 0x95, 0xCD, 0x96, 0xE2, 0x98, 0x5E, 0x9B,
    0x40, 0x9E, 0x84, 0xA1, 0x27, 0xA5, 0x25, 0xA9, 0x7B, 0xAD, 0x24, 0xB2, 0x1B, 0xB7, 0x5B, 0xBC,
    0xE0, 0xC1, 0xA3, 0xC7, 0x9F, 0xCD, 0xCD, 0xD3, 0x28, 0xDA, 0xA8, 0xE0, 0x49, 0xE7, 0x02, 0xEE,
    0xCD, 0xF4, 0xA4, 0xFB, 0x7E, 0x02, 0x56, 0x09, 0x25, 0x10, 0xE4, 0x16, 0x8C, 0x1D, 0x16, 0x24,
    0x7C, 0x2A, 0xB7, 0x30, 0xC1, 0x36, 0x94, 0x3C, 0x2A, 0x42, 0x7D, 0x47, 0x89, 0x4C, 0x48, 0x51,
    0xB4, 0x55, 0xCB, 0x59, 0x87, 0x5D, 0xE6, 0x60, 0xE3, 0x63, 0x7B, 0x66, 0xAC, 0x68, 0x74, 0x6A,
    0xD1, 0x6B, 0xC2, 0x6C, 0x45, 0x6D, 0x5A, 0x6D, 0x02, 0x6D, 0x3B, 0x6C, 0x08, 0x6B, 0x69, 0x69,
    0x60, 0x67, 0xEF, 0x64, 0x19, 0x62, 0xE0, 0x5E, 0x48, 0x5B, 0x53, 0x57, 0x07, 0x53, 0x68, 0x4E,
    0x79, 0x49, 0x41, 0x44, 0xC4, 0x3E, 0x08, 0x39, 0x12, 0x33, 0xE9, 0x2C, 0x93, 0x26, 0x17, 0x20,
    0x79, 0x19, 0xC3, 0x12, 0xF9, 0x0B, 0x23, 0x05, 0x4A, 0xFE, 0x71, 0xF7, 0xA0, 0xF0, 0xDF, 0xE9,
    0x34, 0xE3, 0xA7, 0xDC, 0x3C, 0xD6, 0xFC, 0xCF, 0xEC, 0xC9, 0x13, 0xC4, 0x75, 0xBE, 0x1A, 0xB9,
    0x06, 0xB4, 0x3E, 0xAF, 0xC8, 0xAA, 0xA7, 0xA6, 0xE1, 0xA2, 0x77, 0x9F, 0x6F, 0x9C, 0xCB, 0x99,
    0x8E, 0x97, 0xBA, 0x95, 0x51, 0x94, 0x54, 0x93, 0xC4, 0x92, 0xA3, 0x92, 0xEF, 0x92, 0xA9, 0x93,
    0xD0, 0x94, 0x62, 0x96, 0x5F, 0x98, 0xC4, 0x9A, 0x8F, 0x9D, 0xBD, 0xA0, 0x4B, 0xA4, 0x35, 0xA8,
    0x77, 0xAC, 0x0E, 0xB1, 0xF4, 0xB5, 0x24, 0xBB, 0x99, 0xC0, 0x4E, 0xC6, 0x3E, 0xCC, 0x61, 0xD2,
    0xB2, 0xD8, 0x2B, 0xDF, 0xC5, 0xE5, 0x79, 0xEC, 0x41, 0xF3, 0x15, 0xFA, 0xEF, 0x00, 0xC8, 0x07,
    0x9A, 0x0E, 0x5D, 0x15, 0x0B, 0x1C, 0x9C, 0x22, 0x0B, 0x29, 0x50, 0x2F, 0x66, 0x35, 0x46, 0x3B,
    0xEA, 0x40, 0x4E, 0x46, 0x6A, 0x4B, 0x3B, 0x50, 0xBA, 0x54, 0xE5, 0x58, 0xB6, 0x5C, 0x2A, 0x60,
    0x3E, 0x63, 0xED, 0x65, 0x36, 0x68, 0x16, 0x6A, 0x8C, 0x6B, 0x95, 0x6C, 0x31, 0x6D, 0x5F, 0x6D,
    0x1F, 0x6D, 0x72, 0x6C, 0x57, 0x6B, 0xD1, 0x69, 0xE0, 0x67, 0x86, 0x65, 0xC7, 0x62, 0xA4, 0x5F,
    0x21, 0x5C, 0x41, 0x58, 0x09, 0x54, 0x7C, 0x4F, 0x9F, 0x4A, 0x77, 0x45, 0x09, 0x40, 0x5B, 0x3A,
    0x72, 0x34, 0x54, 0x2E, 0x08, 0x28, 0x93, 0x21, 0xFD, 0x1A, 0x4B, 0x14, 0x85, 0x0D, 0xB2, 0x06,
    0xD9, 0xFF, 0xFF, 0xF8, 0x2C, 0xF2, 0x66, 0xEB, 0xB6, 0xE4, 0x21, 0xDE, 0xAE, 0xD7, 0x64, 0xD1,
    0x48, 0xCB, 0x62, 0xC5, 0xB7, 0xBF, 0x4C, 0xBA, 0x27, 0xB5, 0x4E, 0xB0, 0xC4, 0xAB, 0x90, 0xA7,
    0xB4, 0xA3, 0x35, 0xA0, 0x17, 0x9D, 0x5C, 0x9A, 0x07, 0x98, 0x1B, 0x96, 0x99, 0x94, 0x84, 0x93,
    0xDB, 0x92, 0xA1, 0x92, 0xD4, 0x92, 0x75, 0x93, 0x83, 0x94, 0xFD, 0x95, 0xE2, 0x97, 0x30, 0x9A,
    0xE4, 0x9C, 0xFC, 0x9F, 0x74, 0xA3, 0x4A, 0xA7, 0x78, 0xAB, 0xFC, 0xAF, 0xD0, 0xB4, 0xF0, 0xB9,
    0x56, 0xBF, 0xFD, 0xC4, 0xE0, 0xCA, 0xF8, 0xD0, 0x3F, 0xD7, 0xAF, 0xDD, 0x42, 0xE4, 0xF1, 0xEA,
    0xB5, 0xF1, 0x87, 0xF8, 0x61, 0xFF, 0x3A, 0x06, 0x0F, 0x0D, 0xD6, 0x13, 0x89, 0x1A, 0x21, 0x21,
    0x98, 0x27, 0xE7, 0x2D, 0x08, 0x34, 0xF5, 0x39, 0xA8, 0x3F, 0x1A, 0x45, 0x47, 0x4A, 0x29, 0x4F,
    0xBC, 0x53, 0xFA, 0x57, 0xE0, 0x5B, 0x6A, 0x5F, 0x93, 0x62, 0x5A, 0x65, 0xBA, 0x67, 0xB2, 0x69,
    0x40, 0x6B, 0x62, 0x6C, 0x17, 0x6D, 0x5E, 0x6D, 0x38, 0x6D, 0xA3, 0x6C, 0xA1, 0x6B, 0x33, 0x6A,
    0x5A, 0x68, 0x18, 0x66, 0x70, 0x63, 0x63, 0x60, 0xF6, 0x5C, 0x2B, 0x59, 0x06, 0x55, 0x8C, 0x50,
    0xC0, 0x4B, 0xA9, 0x46, 0x4B, 0x41, 0xAA, 0x3B, 0xCE, 0x35, 0xBC, 0x2F, 0x7A, 0x29, 0x0E, 0x23,
    0x7F, 0x1C, 0xD3, 0x15, 0x11, 0x0F, 0x40, 0x08, 0x67, 0x01, 0x8D, 0xFA, 0xB8, 0xF3, 0xEF, 0xEC,
    0x39, 0xE6, 0x9D, 0xDF, 0x22, 0xD9, 0xCE, 0xD2, 0xA7, 0xCC, 0xB4, 0xC6, 0xFB, 0xC0, 0x81, 0xBB,
    0x4C, 0xB6, 0x61, 0xB1, 0xC5, 0xAC, 0x7D, 0xA8, 0x8D, 0xA4, 0xF8, 0xA0, 0xC4, 0x9D, 0xF2, 0x9A,
    0x86, 0x98, 0x82, 0x96, 0xE8, 0x94, 0xB9, 0x93, 0xF8, 0x92, 0xA4, 0x92, 0xBF, 0x92, 0x47, 0x93,
    0x3C, 0x94, 0x9E, 0x95, 0x6B, 0x97, 0xA1, 0x99, 0x3E, 0x9C, 0x3F, 0x9F, 0xA2, 0xA2, 0x63, 0xA6,
    0x7D, 0xAA, 0xEE, 0xAE, 0xB0, 0xB3, 0xBF, 0xB8, 0x16, 0xBE, 0xAF, 0xC3, 0x84, 0xC9, 0x91, 0xCF,
    0xCE, 0xD5, 0x35, 0xDC, 0xC1, 0xE2, 0x6A, 0xE9, 0x2A, 0xF0, 0xF9, 0xF6, 0xD2, 0xFD, 0xAC, 0x04,
    0x82, 0x0B, 0x4D, 0x12, 0x05, 0x19, 0xA4, 0x1F, 0x23, 0x26, 0x7C, 0x2C, 0xA8, 0x32, 0xA1, 0x38,
    0x62, 0x3E, 0xE3, 0x43, 0x20, 0x49, 0x14, 0x4E, 0xB9, 0x52, 0x0B, 0x57, 0x05, 0x5B, 0xA4, 0x5E,
    0xE4, 0x61, 0xC1, 0x64, 0x39, 0x67, 0x49, 0x69, 0xEF, 0x6A, 0x2A, 0x6C, 0xF8, 0x6C, 0x58, 0x6D,
    0x4A, 0x6D, 0xCE, 0x6C, 0xE5, 0x6B, 0x90, 0x6A, 0xCF, 0x68, 0xA5, 0x66, 0x13, 0x64, 0x1D, 0x61,
    0xC5, 0x5D, 0x0F, 0x5A, 0xFF, 0x55, 0x97, 0x51, 0xDE, 0x4C, 0xD8, 0x47, 0x89, 0x42, 0xF7, 0x3C,
    0x28, 0x37, 0x22, 0x31, 0xEA, 0x2A, 0x87, 0x24, 0xFF, 0x1D, 0x59, 0x17, 0x9C, 0x10, 0xCD, 0x09,
    0xF5, 0x02, 0x1B, 0xFC, 0x44, 0xF5, 0x78, 0xEE, 0xBD, 0xE7, 0x1B, 0xE1, 0x98, 0xDA, 0x3A, 0xD4,
    0x09, 0xCE, 0x0A, 0xC8, 0x43, 0xC2, 0xBA, 0xBC, 0x74, 0xB7, 0x78, 0xB2, 0xCA, 0xAD, 0x6E, 0xA9,
    0x6A, 0xA5, 0xC0, 0xA1, 0x76, 0x9E, 0x8D, 0x9B, 0x0A, 0x99, 0xEE, 0x96, 0x3B, 0x95, 0xF5, 0x93,
    0x1A, 0x93, 0xAE, 0x92, 0xAF, 0x92, 0x1E, 0x93, 0xFB, 0x93, 0x44, 0x95, 0xF9, 0x96, 0x17, 0x99,
    0x9D, 0x9B, 0x88, 0x9E, 0xD5, 0xA1, 0x80, 0xA5, 0x87, 0xA9, 0xE4, 0xAD, 0x94, 0xB2, 0x92, 0xB7,
    0xD9, 0xBC, 0x64, 0xC2, 0x2C, 0xC8, 0x2C, 0xCE, 0x5F, 0xD4, 0xBD, 0xDA, 0x41, 0xE1, 0xE4, 0xE7,
    0x9F, 0xEE, 0x6C, 0xF5, 0x43, 0xFC, 0x1D, 0x03, 0xF5, 0x09, 0xC3, 0x10, 0x80, 0x17, 0x25, 0x1E,
    0xAC, 0x24, 0x0F, 0x2B, 0x45, 0x31, 0x4B, 0x37, 0x18, 0x3D, 0xA9, 0x42, 0xF6, 0x47, 0xFB, 0x4C,
    0xB2, 0x51, 0x17, 0x56, 0x26, 0x5A, 0xDA, 0x5D, 0x2F, 0x61, 0x23, 0x64, 0xB2, 0x66, 0xDA, 0x68,
    0x99, 0x6A, 0xEC, 0x6B, 0xD2, 0x6C, 0x4C, 0x6D, 0x57, 0x6D, 0xF4, 0x6C, 0x24, 0x6C, 0xE7, 0x6A,
    0x3E, 0x69, 0x2C, 0x67, 0xB2, 0x64, 0xD2, 0x61, 0x90, 0x5E, 0xEF, 0x5A, 0xF3, 0x56, 0x9F, 0x52,
    0xF8, 0x4D, 0x03, 0x49, 0xC4, 0x43, 0x41, 0x3E, 0x7F, 0x38, 0x85, 0x32, 0x58, 0x2C, 0xFE, 0x25,
    0x7E, 0x1F, 0xDE, 0x18, 0x25, 0x12, 0x5A, 0x0B, 0x84, 0x04, 0xAA, 0xFD, 0xD2, 0xF6, 0x02, 0xF0,
    0x43, 0xE9, 0x9B, 0xE2, 0x10, 0xDC, 0xA9, 0xD5, 0x6D, 0xCF, 0x62, 0xC9, 0x8D, 0xC3, 0xF6, 0xBD,
    0xA1, 0xB8, 0x94, 0xB3, 0xD3, 0xAE, 0x64, 0xAA, 0x4C, 0xA6, 0x8D, 0xA2, 0x2D, 0x9F, 0x2E, 0x9C,
    0x93, 0x99, 0x5F, 0x97, 0x95, 0x95, 0x35, 0x94, 0x42, 0x93, 0xBD, 0x92, 0xA5, 0x92, 0xFB, 0x92,
    0xBF, 0x93, 0xF0, 0x94, 0x8C, 0x96, 0x93, 0x98, 0x01, 0x9B, 0xD5, 0x9D, 0x0C, 0xA1, 0xA2, 0xA4,
    0x95, 0xA8, 0xDF, 0xAC, 0x7D, 0xB1, 0x69, 0xB6, 0xA0, 0xBB, 0x1C, 0xC1, 0xD6, 0xC6, 0xCB, 0xCC,
    0xF2, 0xD2, 0x47, 0xD9, 0xC3, 0xDF, 0x60, 0xE6, 0x16, 0xED, 0xDF, 0xF3, 0xB5, 0xFA, 0x8E, 0x01,
    0x68, 0x08, 0x38, 0x0F, 0xFA, 0x15, 0xA5, 0x1C, 0x34, 0x23, 0x9F, 0x29, 0xE0, 0x2F, 0xF1, 0x35,
    0xCC, 0x3B, 0x6B, 0x41, 0xC8, 0x46, 0xDD, 0x4B, 0xA7, 0x50, 0x1F, 0x55, 0x42, 0x59, 0x0B, 0x5D,
    0x76, 0x60, 0x80, 0x63, 0x26, 0x66, 0x66, 0x68, 0x3C, 0x6A, 0xA8, 0x6B, 0xA8, 0x6C, 0x3A, 0x6D,
    0x5E, 0x6D, 0x14, 0x6D, 0x5D, 0x6C, 0x38, 0x6B, 0xA8, 0x69, 0xAD, 0x67, 0x4B, 0x65, 0x82, 0x62,
    0x56, 0x5F, 0xCB, 0x5B, 0xE3, 0x57, 0xA2, 0x53, 0x0E, 0x4F, 0x2A, 0x4A, 0xFB, 0x44, 0x87, 0x3F,
    0xD3, 0x39, 0xE5, 0x33, 0xC3, 0x2D, 0x73, 0x27, 0xFB, 0x20, 0x62, 0x1A, 0xAE, 0x13, 0xE7, 0x0C,
    0x13, 0x06, 0x39, 0xFF, 0x5F, 0xF8, 0x8D, 0xF1, 0xCA, 0xEA, 0x1C, 0xE4, 0x89, 0xDD, 0x1A, 0xD7,
    0xD4, 0xD0, 0xBD, 0xCA, 0xDC, 0xC4, 0x36, 0xBF, 0xD1, 0xB9, 0xB3, 0xB4, 0xE1, 0xAF, 0x5F, 0xAB,
    0x32, 0xA7, 0x5F, 0xA3, 0xE9, 0x9F, 0xD3, 0x9C, 0x21, 0x9A, 0xD6, 0x97, 0xF4, 0x95, 0x7C, 0x94,
    0x70, 0x93, 0xD1, 0x92, 0xA1, 0x92, 0xDE, 0x92, 0x89, 0x93, 0xA1, 0x94, 0x25, 0x96, 0x14, 0x98,
    0x6B, 0x9A, 0x28, 0x9D, 0x49, 0xA0, 0xCA, 0xA3, 0xA7, 0xA7, 0xDE, 0xAB, 0x69, 0xB0, 0x44, 0xB5,
    0x6A, 0xBA, 0xD7, 0xBF, 0x84, 0xC5, 0x6B, 0xCB, 0x88, 0xD1, 0xD3, 0xD7, 0x47, 0xDE, 0xDD, 0xE4,
    0x8E, 0xEB, 0x53, 0xF2, 0x26, 0xF9, 0x00, 0x00, 0xDA, 0x06, 0xAD, 0x0D, 0x72, 0x14, 0x23, 0x1B,
    0xB9, 0x21, 0x2D, 0x28, 0x78, 0x2E, 0x95, 0x34, 0x7C, 0x3A, 0x29, 0x40, 0x96, 0x45, 0xBC, 0x4A,
    0x97, 0x4F, 0x22, 0x54, 0x59, 0x58, 0x36, 0x5C, 0xB7, 0x5F, 0xD8, 0x62, 0x95, 0x65, 0xEC, 0x67,
    0xDB, 0x69, 0x5F, 0x6B, 0x77, 0x6C, 0x22, 0x6D, 0x5F, 0x6D, 0x2F, 0x6D, 0x90, 0x6C, 0x84, 0x6B,
    0x0C, 0x6A, 0x2A, 0x68, 0xDF, 0x65, 0x2D, 0x63, 0x17, 0x60, 0xA1, 0x5C, 0xCE, 0x58, 0xA1, 0x54,
    0x1F, 0x50, 0x4D, 0x4B, 0x2F, 0x46, 0xCA, 0x40, 0x24, 0x3B, 0x43, 0x35, 0x2C, 0x2F, 0xE6, 0x28,
    0x77, 0x22, 0xE4, 0x1B, 0x36, 0x15, 0x73, 0x0E, 0xA1, 0x07, 0xC7, 0x00, 0xED, 0xF9, 0x19, 0xF3,
    0x52, 0xEC, 0x9E, 0xE5, 0x05, 0xDF, 0x8D, 0xD8, 0x3D, 0xD2, 0x1B, 0xCC, 0x2D, 0xC6, 0x79, 0xC0,
    0x05, 0xBB, 0xD6, 0xB5, 0xF2, 0xB0, 0x5E, 0xAC, 0x1D, 0xA8, 0x35, 0xA4, 0xAA, 0xA0, 0x7E, 0x9D,
    0xB5, 0x9A, 0x53, 0x98, 0x58, 0x96, 0xC8, 0x94, 0xA3, 0x93, 0xEC, 0x92, 0xA2, 0x92, 0xC6, 0x92,
    0x58, 0x93, 0x58, 0x94, 0xC4, 0x95, 0x9A, 0x97, 0xDA, 0x99, 0x80, 0x9C, 0x8A, 0x9F, 0xF5, 0xA2,
    0xBE, 0xA6, 0xE1, 0xAA, 0x59, 0xAF, 0x23, 0xB4, 0x38, 0xB9, 0x95, 0xBE, 0x34, 0xC4, 0x0F, 0xCA,
    0x20, 0xD0, 0x61, 0xD6, 0xCC, 0xDC, 0x5B, 0xE3, 0x06, 0xEA, 0xC8, 0xF0, 0x98, 0xF7, 0x72, 0xFE,
    0x4B, 0x05, 0x21, 0x0C, 0xEA, 0x12, 0xA0, 0x19, 0x3D, 0x20, 0xB9, 0x26, 0x0E, 0x2D, 0x35, 0x33,
    0x2A, 0x39, 0xE4, 0x3E, 0x60, 0x44, 0x97, 0x49, 0x83, 0x4E, 0x21, 0x53, 0x6B, 0x57, 0x5E, 0x5B,
    0xF4, 0x5E, 0x2B, 0x62, 0xFF, 0x64, 0x6D, 0x67, 0x74, 0x69, 0x10, 0x6B, 0x41, 0x6C, 0x05, 0x6D,
    0x5B, 0x6D, 0x43, 0x6D, 0xBE, 0x6C, 0xCB, 0x6B, 0x6B, 0x6A, 0xA1, 0x68, 0x6D, 0x66, 0xD2, 0x63,
    0xD3, 0x60, 0x73, 0x5D, 0xB4, 0x59, 0x9C, 0x55, 0x2D, 0x51, 0x6C, 0x4C, 0x5F, 0x47, 0x0A, 0x42,
    0x73, 0x3C, 0x9E, 0x36, 0x93, 0x30, 0x57, 0x2A, 0xF0, 0x23, 0x65, 0x1D, 0xBD, 0x16, 0xFE, 0x0F,
    0x2E, 0x09, 0x56, 0x02, 0x7C, 0xFB, 0xA6, 0xF4, 0xDB, 0xED, 0x22, 0xE7, 0x82, 0xE0, 0x02, 0xDA,
    0xA8, 0xD3, 0x7B, 0xCD, 0x81, 0xC7, 0xBF, 0xC1, 0x3C, 0xBC, 0xFD, 0xB6, 0x08, 0xB2, 0x61, 0xAD,
    0x0D, 0xA9, 0x11, 0xA5, 0x70, 0xA1, 0x2E, 0x9E, 0x4E, 0x9B, 0xD4, 0x98, 0xC2, 0x96, 0x19, 0x95,
    0xDC, 0x93, 0x0C, 0x93, 0xA9, 0x92, 0xB4, 0x92, 0x2E, 0x93, 0x14, 0x94, 0x67, 0x95, 0x26, 0x97,
    0x4E, 0x99, 0xDD, 0x9B, 0xD1, 0x9E, 0x26, 0xA2, 0xDA, 0xA5, 0xE9, 0xA9, 0x4E, 0xAE, 0x05, 0xB3,
    0x0A, 0xB8, 0x57, 0xBD, 0xE8, 0xC2, 0xB5, 0xC8, 0xBB, 0xCE, 0xF1, 0xD4, 0x54, 0xDB, 0xDB, 0xE1,
    0x80, 0xE8, 0x3D, 0xEF, 0x0B, 0xF6, 0xE3, 0xFC, 0xBD, 0x03, 0x94, 0x0A, 0x61, 0x11, 0x1C, 0x18,
    0xBF, 0x1E, 0x43, 0x25, 0xA1, 0x2B, 0xD4, 0x31, 0xD4, 0x37, 0x9C, 0x3D, 0x27, 0x43, 0x6E, 0x48,
    0x6C, 0x4D, 0x1C, 0x52, 0x79, 0x56, 0x80, 0x5A, 0x2B, 0x5E, 0x78, 0x61, 0x63, 0x64, 0xE9, 0x66,
    0x07, 0x69, 0xBC, 0x6A, 0x05, 0x6C, 0xE2, 0x6C, 0x51, 0x6D, 0x52, 0x6D, 0xE6, 0x6C, 0x0B, 0x6C,
    0xC5, 0x6A, 0x12, 0x69, 0xF6, 0x66, 0x73, 0x64, 0x8A, 0x61, 0x40, 0x5E, 0x96, 0x5A, 0x92, 0x56,
    0x36, 0x52, 0x88, 0x4D, 0x8C, 0x48, 0x46, 0x43, 0xBD, 0x3D, 0xF6, 0x37, 0xF7, 0x31, 0xC6, 0x2B,
    0x68, 0x25, 0xE5, 0x1E, 0x43, 0x18, 0x88, 0x11, 0xBC, 0x0A, 0xE5, 0x03, 0x0B, 0xFD, 0x33, 0xF6,
    0x64, 0xEF, 0xA7, 0xE8, 0x01, 0xE2, 0x79, 0xDB, 0x16, 0xD5, 0xDE, 0xCE, 0xD8, 0xC8, 0x09, 0xC3,
    0x77, 0xBD, 0x28, 0xB8, 0x22, 0xB3, 0x69, 0xAE, 0x01, 0xAA, 0xF1, 0xA5, 0x3B, 0xA2, 0xE3, 0x9E,
    0xED, 0x9B, 0x5B, 0x99, 0x31, 0x97, 0x70, 0x95, 0x1B, 0x94, 0x32, 0x93, 0xB6, 0x92, 0xA8, 0x92,
    0x08, 0x93, 0xD6, 0x93, 0x11, 0x95, 0xB7, 0x96, 0xC7, 0x98, 0x3F, 0x9B, 0x1C, 0x9E, 0x5C, 0xA1,
    0xFB, 0xA4, 0xF5, 0xA8, 0x47, 0xAD, 0xEC, 0xB1, 0xE0, 0xB6, 0x1D, 0xBC, 0x9E, 0xC1, 0x5F, 0xC7,
    0x58, 0xCD, 0x84, 0xD3, 0xDD, 0xD9, 0x5C, 0xE0, 0xFB, 0xE6, 0xB3, 0xED, 0x7E, 0xF4, 0x54, 0xFB,
    0x2E, 0x02, 0x07, 0x09, 0xD6, 0x0F, 0x96, 0x16, 0x3F, 0x1D, 0xCB, 0x23, 0x32, 0x2A, 0x6F, 0x30,
    0x7C, 0x36, 0x51, 0x3C, 0xEA, 0x41, 0x41, 0x47, 0x50, 0x4C, 0x12, 0x51, 0x83, 0x55, 0x9D, 0x59,
    0x5E, 0x5D, 0xC1, 0x60, 0xC2, 0x63, 0x5F, 0x66, 0x95, 0x68, 0x62, 0x6A, 0xC4, 0x6B, 0xB9, 0x6C,
    0x41, 0x6D, 0x5C, 0x6D, 0x08, 0x6D, 0x47, 0x6C, 0x18, 0x6B, 0x7E, 0x69, 0x7A, 0x67, 0x0E, 0x65,
    0x3C, 0x62, 0x08, 0x5F, 0x73, 0x5B, 0x83, 0x57, 0x3B, 0x53, 0x9F, 0x4E, 0xB4, 0x49, 0x7F, 0x44,
    0x05, 0x3F, 0x4C, 0x39, 0x59, 0x33, 0x32, 0x2D, 0xDE, 0x26, 0x63, 0x20, 0xC7, 0x19, 0x11, 0x13,
    0x48, 0x0C, 0x73, 0x05, 0x99, 0xFE, 0xC0, 0xF7, 0xEF, 0xF0, 0x2D, 0xEA, 0x81, 0xE3, 0xF2, 0xDC,
    0x86, 0xD6, 0x44, 0xD0, 0x32, 0xCA, 0x56, 0xC4, 0xB5, 0xBE, 0x57, 0xB9, 0x40, 0xB4, 0x74, 0xAF,
    0xFA, 0xAA, 0xD5, 0xA6, 0x0A, 0xA3, 0x9D, 0x9F, 0x90, 0x9C, 0xE8, 0x99, 0xA6, 0x97, 0xCD, 0x95,
    0x5F, 0x94, 0x5D, 0x93, 0xC8, 0x92, 0xA2, 0x92, 0xE9, 0x92, 0x9E, 0x93, 0xC0, 0x94, 0x4E, 0x96,
    0x46, 0x98, 0xA6, 0x9A, 0x6D, 0x9D, 0x96, 0xA0, 0x20, 0xA4, 0x06, 0xA8, 0x44, 0xAC, 0xD7, 0xB0,
    0xB9, 0xB5, 0xE6, 0xBA, 0x58, 0xC0, 0x0B, 0xC6, 0xF8, 0xCB, 0x19, 0xD2, 0x68, 0xD8, 0xDF, 0xDE,
    0x77, 0xE5, 0x2A, 0xEC, 0xF1, 0xF2, 0xC6, 0xF9, 0x9F, 0x00, 0x79, 0x07, 0x4B, 0x0E, 0x0F, 0x15,
    0xBE, 0x1B, 0x51, 0x22, 0xC1, 0x28, 0x08, 0x2F, 0x20, 0x35, 0x03, 0x3B, 0xAA, 0x40, 0x10, 0x46,
    0x30, 0x4B, 0x04, 0x50, 0x88, 0x54, 0xB6, 0x58, 0x8C, 0x5C, 0x04, 0x60, 0x1C, 0x63, 0xD0, 0x65,
    0x1E, 0x68, 0x03, 0x6A, 0x7D, 0x6B, 0x8B, 0x6C, 0x2C, 0x6D, 0x5F, 0x6D, 0x25, 0x6D, 0x7C, 0x6C,
    0x67, 0x6B, 0xE5, 0x69, 0xF9, 0x67, 0xA4, 0x65, 0xE9, 0x62, 0xCB, 0x5F, 0x4C, 0x5C, 0x70, 0x58,
    0x3C, 0x54, 0xB2, 0x4F, 0xD9, 0x4A, 0xB4, 0x45, 0x49, 0x40, 0x9E, 0x3A, 0xB8, 0x34, 0x9C, 0x2E,
    0x52, 0x28, 0xDF, 0x21, 0x4A, 0x1B, 0x9A, 0x14, 0xD4, 0x0D, 0x01, 0x07, 0x27, 0x00, 0x4E, 0xF9,
    0x7B, 0xF2, 0xB5, 0xEB, 0x03, 0xE5, 0x6D, 0xDE, 0xF8, 0xD7, 0xAC, 0xD1, 0x8E, 0xCB, 0xA5, 0xC5,
    0xF7, 0xBF, 0x89, 0xBA, 0x61, 0xB5, 0x84, 0xB0, 0xF7, 0xAB, 0xBF, 0xA7, 0xDF, 0xA3, 0x5C, 0xA0,
    0x39, 0x9D, 0x7A, 0x9A, 0x20, 0x98, 0x2F, 0x96, 0xA9, 0x94, 0x8E, 0x93, 0xE1, 0x92, 0xA1, 0x92,
    0xCF, 0x92, 0x6B, 0x93, 0x74, 0x94, 0xEA, 0x95, 0xCA, 0x97, 0x13, 0x9A, 0xC2, 0x9C, 0xD6, 0x9F,
    0x4A, 0xA3, 0x1B, 0xA7, 0x46, 0xAB, 0xC5, 0xAF, 0x96, 0xB4, 0xB2, 0xB9, 0x16, 0xBF, 0xBA, 0xC4,
    0x9A, 0xCA, 0xB0, 0xD0, 0xF5, 0xD6, 0x64, 0xDD, 0xF5, 0xE3, 0xA3, 0xEA, 0x66, 0xF1, 0x38, 0xF8,
    0x11, 0xFF, 0xEB, 0x05, 0xBF, 0x0C, 0x87, 0x13, 0x3B, 0x1A, 0xD5, 0x20, 0x4E, 0x27, 0x9F, 0x2D,
    0xC2, 0x33, 0xB2, 0x39, 0x67, 0x3F, 0xDC, 0x44, 0x0C, 0x4A, 0xF2, 0x4E, 0x89, 0x53, 0xCB, 0x57,
    0xB5, 0x5B, 0x43, 0x5F, 0x71, 0x62, 0x3C, 0x65, 0xA1, 0x67, 0x9E, 0x69, 0x30, 0x6B, 0x57, 0x6C,
    0x11, 0x6D, 0x5D, 0x6D, 0x3C, 0x6D, 0xAC, 0x6C, 0xAF, 0x6B, 0x46, 0x6A, 0x72, 0x68, 0x35, 0x66,
    0x91, 0x63, 0x89, 0x60, 0x1F, 0x5D, 0x59, 0x59, 0x38, 0x55, 0xC2, 0x50, 0xFA, 0x4B, 0xE6, 0x46,
    0x8B, 0x41, 0xED, 0x3B, 0x14, 0x36, 0x04, 0x30, 0xC4, 0x29, 0x59, 0x23, 0xCC, 0x1C, 0x21, 0x16,
    0x60, 0x0F, 0x8F, 0x08, 0xB6, 0x01, 0xDD, 0xFA, 0x07, 0xF4, 0x3D, 0xED, 0x87, 0xE6, 0xE9, 0xDF,
    0x6D, 0xD9, 0x17, 0xD3, 0xEE, 0xCC, 0xF8, 0xC6, 0x3C, 0xC1, 0xBF, 0xBB, 0x87, 0xB6, 0x98, 0xB1,
    0xF9, 0xAC, 0xAD, 0xA8, 0xB8, 0xA4, 0x20, 0xA1, 0xE7, 0x9D, 0x11, 0x9B, 0xA0, 0x98, 0x97, 0x96,
    0xF8, 0x94, 0xC5, 0x93, 0xFE, 0x92, 0xA6, 0x92, 0xBB, 0x92, 0x3E, 0x93, 0x2F, 0x94, 0x8C, 0x95,
    0x54, 0x97, 0x85, 0x99, 0x1D, 0x9C, 0x1A, 0x9F, 0x79, 0xA2, 0x35, 0xA6, 0x4C, 0xAA, 0xB8, 0xAE,
    0x77, 0xB3, 0x83, 0xB8, 0xD6, 0xBD, 0x6C, 0xC3, 0x3F, 0xC9, 0x49, 0xCF, 0x84, 0xD5, 0xEA, 0xDB,
    0x74, 0xE2, 0x1C, 0xE9, 0xDB, 0xEF, 0xAA, 0xF6, 0x82, 0xFD, 0x5C, 0x04, 0x33, 0x0B, 0xFE, 0x11,
    0xB7, 0x18, 0x58, 0x1F, 0xD8, 0x25, 0x33, 0x2C, 0x61, 0x32, 0x5D, 0x38, 0x20, 0x3E, 0xA5, 0x43,
    0xE5, 0x48, 0xDC, 0x4D, 0x85, 0x52, 0xDB, 0x56, 0xD9, 0x5A, 0x7C, 0x5E, 0xC0, 0x61, 0xA2, 0x64,
    0x1E, 0x67, 0x33, 0x69, 0xDE, 0x6A, 0x1E, 0x6C, 0xF1, 0x6C, 0x56, 0x6D, 0x4D, 0x6D, 0xD6, 0x6C,
    0xF2, 0x6B, 0xA1, 0x6A, 0xE6, 0x68, 0xC0, 0x66, 0x33, 0x64, 0x42, 0x61, 0xEE, 0x5D, 0x3C, 0x5A,
    0x30, 0x56, 0xCC, 0x51, 0x17, 0x4D, 0x14, 0x48, 0xC8, 0x42, 0x39, 0x3D, 0x6D, 0x37, 0x69, 0x31,
    0x33, 0x2B, 0xD2, 0x24, 0x4C, 0x1E, 0xA7, 0x17, 0xEA, 0x10, 0x1D, 0x0A, 0x45, 0x03, 0x6B, 0xFC,
    0x94, 0xF5, 0xC7, 0xEE, 0x0B, 0xE8, 0x68, 0xE1, 0xE3, 0xDA, 0x84, 0xD4, 0x50, 0xCE, 0x4E, 0xC8,
    0x85, 0xC2, 0xF9, 0xBC, 0xB0, 0xB7, 0xB1, 0xB2, 0xFF, 0xAD, 0x9F, 0xA9, 0x97, 0xA5, 0xE9, 0xA1,
    0x9A, 0x9E, 0xAD, 0x9B, 0x25, 0x99, 0x04, 0x97, 0x4D, 0x95, 0x01, 0x94, 0x22, 0x93, 0xB0, 0x92,
    0xAC, 0x92, 0x17, 0x93, 0xEE, 0x93, 0x33, 0x95, 0xE3, 0x96, 0xFC, 0x98, 0x7D, 0x9B, 0x64, 0x9E,
    0xAC, 0xA1, 0x53, 0xA5, 0x56, 0xA9, 0xB0, 0xAD, 0x5C, 0xB2, 0x57, 0xB7, 0x9A, 0xBC, 0x22, 0xC2,
    0xE7, 0xC7, 0xE5, 0xCD, 0x16, 0xD4, 0x72, 0xDA, 0xF5, 0xE0, 0x96, 0xE7, 0x51, 0xEE, 0x1D, 0xF5,
    0xF4, 0xFB, 0xCD, 0x02, 0xA6, 0x09, 0x74, 0x10, 0x32, 0x17, 0xD9, 0x1D, 0x61, 0x24, 0xC5, 0x2A,
    0xFE, 0x30, 0x06, 0x37, 0xD6, 0x3C, 0x69, 0x42, 0xBA, 0x47, 0xC2, 0x4C, 0x7D, 0x51, 0xE6, 0x55,
    0xF9, 0x59, 0xB1, 0x5D, 0x0B, 0x61, 0x03, 0x64, 0x97, 0x66, 0xC3, 0x68, 0x87, 0x6A, 0xDF, 0x6B,
    0xCA, 0x6C, 0x48, 0x6D, 0x59, 0x6D, 0xFB, 0x6C, 0x30, 0x6C, 0xF7, 0x6A, 0x54, 0x69, 0x46, 0x67,
    0xD1, 0x64, 0xF6, 0x61, 0xB8, 0x5E, 0x1C, 0x5B, 0x23, 0x57, 0xD3, 0x52, 0x30, 0x4E, 0x3E, 0x49,
    0x02, 0x44, 0x82, 0x3E, 0xC4, 0x38, 0xCC, 0x32, 0xA1, 0x2C, 0x49, 0x26, 0xCA, 0x1F, 0x2C, 0x19,
    0x74, 0x12, 0xAA, 0x0B, 0xD4, 0x04, 0xFA, 0xFD, 0x21, 0xF7, 0x51, 0xF0, 0x91, 0xE9, 0xE7, 0xE2,
    0x5B, 0xDC, 0xF3, 0xD5, 0xB5, 0xCF, 0xA7, 0xC9, 0xD0, 0xC3, 0x36, 0xBE, 0xDD, 0xB8, 0xCD, 0xB3,
    0x09, 0xAF, 0x96, 0xAA, 0x79, 0xA6, 0xB7, 0xA2, 0x52, 0x9F, 0x4E, 0x9C, 0xAF, 0x99, 0x77, 0x97,
    0xA7, 0x95, 0x43, 0x94, 0x4B, 0x93, 0xC0, 0x92, 0xA4, 0x92, 0xF5, 0x92, 0xB4, 0x93, 0xE0, 0x94,
    0x77, 0x96, 0x79, 0x98, 0xE3, 0x9A, 0xB2, 0x9D, 0xE5, 0xA0, 0x77, 0xA4, 0x65, 0xA8, 0xAB, 0xAC,
    0x45, 0xB1, 0x2E, 0xB6, 0x62, 0xBB, 0xDA, 0xC0, 0x92, 0xC6, 0x84, 0xCC, 0xAA, 0xD2, 0xFD, 0xD8,
    0x77, 0xDF, 0x12, 0xE6, 0xC7, 0xEC, 0x90, 0xF3, 0x65, 0xFA, 0x3F, 0x01, 0x18, 0x08, 0xE9, 0x0E,
    0xAC, 0x15, 0x58, 0x1C, 0xE8, 0x22, 0x55, 0x29, 0x98, 0x2F, 0xAC, 0x35, 0x89, 0x3B, 0x2B, 0x41,
    0x8B, 0x46, 0xA4, 0x4B, 0x71, 0x50, 0xED, 0x54, 0x13, 0x59, 0xE1, 0x5C, 0x50, 0x60, 0x5F, 0x63,
    0x0A, 0x66, 0x4E, 0x68, 0x29, 0x6A, 0x9A, 0x6B, 0x9E, 0x6C, 0x35, 0x6D, 0x5F, 0x6D, 0x1A, 0x6D,
    0x67, 0x6C, 0x48, 0x6B, 0xBD, 0x69, 0xC7, 0x67, 0x69, 0x65, 0xA5, 0x62, 0x7D, 0x5F, 0xF6, 0x5B,
    0x12, 0x58, 0xD6, 0x53, 0x45, 0x4F, 0x64, 0x4A, 0x39, 0x45, 0xC8, 0x3F, 0x17, 0x3A, 0x2C, 0x34,
    0x0C, 0x2E, 0xBD, 0x27, 0x47, 0x21, 0xAF, 0x1A, 0xFD, 0x13, 0x36, 0x0D, 0x62, 0x06, 0x89, 0xFF,
    0xAF, 0xF8, 0xDC, 0xF1, 0x18, 0xEB, 0x69, 0xE4, 0xD5, 0xDD, 0x64, 0xD7, 0x1C, 0xD1, 0x03, 0xCB,
    0x1F, 0xC5, 0x76, 0xBF, 0x0E, 0xBA, 0xED, 0xB4, 0x17, 0xB0, 0x91, 0xAB, 0x61, 0xA7, 0x89, 0xA3,
    0x0F, 0xA0, 0xF5, 0x9C, 0x3F, 0x9A, 0xEF, 0x97, 0x07, 0x96, 0x8A, 0x94, 0x7A, 0x93, 0xD6, 0x92,
    0xA1, 0x92, 0xD9, 0x92, 0x7F, 0x93, 0x92, 0x94, 0x11, 0x96, 0xFB, 0x97, 0x4D, 0x9A, 0x06, 0x9D,
    0x22, 0xA0, 0x9F, 0xA3, 0x78, 0xA7, 0xAB, 0xAB, 0x32, 0xB0, 0x0A, 0xB5, 0x2D, 0xBA, 0x96, 0xBF,
    0x40, 0xC5, 0x25, 0xCB, 0x40, 0xD1, 0x89, 0xD7, 0xFB, 0xDD, 0x8F, 0xE4, 0x3F, 0xEB, 0x04, 0xF2,
    0xD7, 0xF8, 0xB1, 0xFF, 0x8A, 0x06, 0x5E, 0x0D, 0x24, 0x14, 0xD6, 0x1A, 0x6D, 0x21, 0xE2, 0x27,
    0x30, 0x2E, 0x4F, 0x34, 0x39, 0x3A, 0xE9, 0x3F, 0x58, 0x45, 0x82, 0x4A, 0x60, 0x4F, 0xEF, 0x53,
    0x2A, 0x58, 0x0B, 0x5C, 0x91, 0x5F, 0xB6, 0x62, 0x78, 0x65, 0xD3, 0x67, 0xC7, 0x69, 0x50, 0x6B,
    0x6D, 0x6C, 0x1D, 0x6D, 0x5F, 0x6D, 0x33, 0x6D, 0x9A, 0x6C, 0x93, 0x6B, 0x20, 0x6A, 0x42, 0x68,
    0xFB, 0x65, 0x4E, 0x63, 0x3D, 0x60, 0xCB, 0x5C, 0xFC, 0x58, 0xD4, 0x54, 0x56, 0x50, 0x87, 0x4B,
    0x6C, 0x46, 0x0B, 0x41, 0x68, 0x3B, 0x89, 0x35, 0x74, 0x2F, 0x30, 0x29, 0xC2, 0x22, 0x32, 0x1C,
    0x84, 0x15, 0xC2, 0x0E, 0xF0, 0x07, 0x17, 0x01, 0x3D, 0xFA, 0x68, 0xF3, 0xA0, 0xEC, 0xEC, 0xE5,
    0x51, 0xDF, 0xD8, 0xD8, 0x85, 0xD2, 0x61, 0xCC, 0x70, 0xC6, 0xBA, 0xC0, 0x43, 0xBB, 0x11, 0xB6,
    0x29, 0xB1, 0x91, 0xAC, 0x4D, 0xA8, 0x61, 0xA4, 0xD1, 0xA0, 0xA1, 0x9D, 0xD4, 0x9A, 0x6C, 0x98,
    0x6D, 0x96, 0xD8, 0x94, 0xAE, 0x93, 0xF2, 0x92, 0xA3, 0x92, 0xC2, 0x92, 0x4F, 0x93, 0x4A, 0x94,
    0xB1, 0x95, 0x82, 0x97, 0xBD, 0x99, 0x5F, 0x9C, 0x65, 0x9F, 0xCC, 0xA2, 0x90, 0xA6, 0xAF, 0xAA,
    0x24, 0xAF, 0xE9, 0xB3, 0xFC, 0xB8, 0x56, 0xBE, 0xF1, 0xC3, 0xCA, 0xC9, 0xD8, 0xCF, 0x18, 0xD6,
    0x81, 0xDC, 0x0E, 0xE3, 0xB8, 0xE9, 0x79, 0xF0, 0x49, 0xF7, 0x22, 0xFE, 0xFC, 0x04, 0xD1, 0x0B,
    0x9B, 0x12, 0x53, 0x19, 0xF0, 0x1F, 0x6E, 0x26, 0xC5, 0x2C, 0xEF, 0x32, 0xE6, 0x38, 0xA3, 0x3E,
    0x22, 0x44, 0x5C, 0x49, 0x4C, 0x4E, 0xED, 0x52, 0x3B, 0x57, 0x32, 0x5B, 0xCC, 0x5E, 0x07, 0x62,
    0xE0, 0x64, 0x53, 0x67, 0x5E, 0x69, 0x00, 0x6B, 0x35, 0x6C, 0xFE, 0x6C, 0x5A, 0x6D, 0x47, 0x6D,
    0xC6, 0x6C, 0xD8, 0x6B, 0x7E, 0x6A, 0xB8, 0x68, 0x89, 0x66, 0xF3, 0x63, 0xF8, 0x60, 0x9C, 0x5D,
    0xE2, 0x59, 0xCD, 0x55, 0x62, 0x51, 0xA5, 0x4C, 0x9B, 0x47, 0x4A, 0x42, 0xB5, 0x3C, 0xE3, 0x36,
    0xDA, 0x30, 0xA0, 0x2A, 0x3C, 0x24, 0xB2, 0x1D, 0x0B, 0x17, 0x4D, 0x10, 0x7E, 0x09, 0xA6, 0x02,
    0xCC, 0xFB, 0xF5, 0xF4, 0x29, 0xEE, 0x70, 0xE7, 0xCF, 0xE0, 0x4D, 0xDA, 0xF1, 0xD3, 0xC2, 0xCD,
    0xC5, 0xC7, 0x01, 0xC2, 0x7B, 0xBC, 0x39, 0xB7, 0x40, 0xB2, 0x95, 0xAD, 0x3E, 0xA9, 0x3D, 0xA5,
    0x98, 0xA1, 0x52, 0x9E, 0x6E, 0x9B, 0xEF, 0x98, 0xD8, 0x96, 0x2A, 0x95, 0xE8, 0x93, 0x13, 0x93,
    0xAB, 0x92, 0xB2, 0x92, 0x26, 0x93, 0x07, 0x94, 0x56, 0x95, 0x0F, 0x97, 0x32, 0x99, 0xBD, 0x9B,
    0xAC, 0x9E, 0xFD, 0xA1, 0xAD, 0xA5, 0xB8, 0xA9, 0x19, 0xAE, 0xCD, 0xB2, 0xCE, 0xB7, 0x18, 0xBD,
    0xA6, 0xC2, 0x71, 0xC8, 0x73, 0xCE, 0xA8, 0xD4, 0x08, 0xDB, 0x8E, 0xE1, 0x32, 0xE8, 0xEE, 0xEE,
    0xBB, 0xF5, 0x93, 0xFC, 0x6D, 0x03, 0x45, 0x0A, 0x12, 0x11, 0xCE, 0x17, 0x72, 0x1E, 0xF8, 0x24,
    0x58, 0x2B, 0x8D, 0x31, 0x8F, 0x37, 0x5A, 0x3D, 0xE8, 0x42, 0x32, 0x48, 0x33, 0x4D, 0xE7, 0x51,
    0x48, 0x56, 0x53, 0x5A, 0x03, 0x5E, 0x54, 0x61, 0x43, 0x64, 0xCE, 0x66, 0xF1, 0x68, 0xAA, 0x6A,
    0xF9, 0x6B, 0xDA, 0x6C, 0x4E, 0x6D, 0x55, 0x6D, 0xED, 0x6C, 0x18, 0x6C, 0xD6, 0x6A, 0x28, 0x69,
    0x11, 0x67, 0x92, 0x64, 0xAE, 0x61, 0x68, 0x5E, 0xC3, 0x5A, 0xC2, 0x56, 0x6B, 0x52, 0xC0, 0x4D,
    0xC7, 0x48, 0x85, 0x43, 0xFF, 0x3D, 0x3B, 0x38, 0x3E, 0x32, 0x0F, 0x2C, 0xB3, 0x25, 0x31, 0x1F,
    0x90, 0x18, 0xD7, 0x11, 0x0B, 0x0B, 0x34, 0x04, 0x5A, 0xFD, 0x82, 0xF6, 0xB3, 0xEF, 0xF5, 0xE8,
    0x4E, 0xE2, 0xC4, 0xDB, 0x60, 0xD5, 0x26, 0xCF, 0x1D, 0xC9, 0x4B, 0xC3, 0xB6, 0xBD, 0x65, 0xB8,
    0x5B, 0xB3, 0x9E, 0xAE, 0x33, 0xAA, 0x1E, 0xA6, 0x64, 0xA2, 0x08, 0x9F, 0x0D, 0x9C, 0x77, 0x99,
    0x48, 0x97, 0x82, 0x95, 0x28, 0x94, 0x3A, 0x93, 0xB9, 0x92, 0xA6, 0x92, 0x02, 0x93, 0xCB, 0x93,
    0x00, 0x95, 0xA2, 0x96, 0xAD, 0x98, 0x20, 0x9B, 0xF9, 0x9D, 0x34, 0xA1, 0xCE, 0xA4, 0xC5, 0xA8,
    0x13, 0xAD, 0xB4, 0xB1, 0xA4, 0xB6, 0xDE, 0xBB, 0x5D, 0xC1, 0x1A, 0xC7, 0x11, 0xCD, 0x3B, 0xD3,
    0x92, 0xD9, 0x10, 0xE0, 0xAD, 0xE6, 0x65, 0xED, 0x2F, 0xF4, 0x04, 0xFB, 0xDE, 0x01, 0xB7, 0x08,
    0x87, 0x0F, 0x48, 0x16, 0xF2, 0x1C, 0x7F, 0x23, 0xE8, 0x29, 0x28, 0x30, 0x36, 0x36, 0x0F, 0x3C,
    0xAA, 0x41, 0x04, 0x47, 0x17, 0x4C, 0xDC, 0x50, 0x51, 0x55, 0x70, 0x59, 0x34, 0x5D, 0x9B, 0x60,
    0xA1, 0x63, 0x43, 0x66, 0x7E, 0x68, 0x4F, 0x6A, 0xB6, 0x6B, 0xB1, 0x6C, 0x3E, 0x6D, 0x5D, 0x6D,
    0x0E, 0x6D, 0x52, 0x6C, 0x28, 0x6B, 0x93, 0x69, 0x94, 0x67, 0x2C, 0x65, 0x5F, 0x62, 0x2F, 0x5F,
    0x9F, 0x5B, 0xB3, 0x57, 0x6F, 0x53, 0xD7, 0x4E, 0xEF, 0x49, 0xBD, 0x44, 0x46, 0x3F, 0x90, 0x39,
    0x9F, 0x33, 0x7B, 0x2D, 0x28, 0x27, 0xAF, 0x20, 0x14, 0x1A, 0x60, 0x13, 0x98, 0x0C, 0xC3, 0x05,
    0xE9, 0xFE, 0x10, 0xF8, 0x3E, 0xF1, 0x7C, 0xEA, 0xCE, 0xE3, 0x3E, 0xDD, 0xD0, 0xD6, 0x8C, 0xD0,
    0x77, 0xCA, 0x98, 0xC4, 0xF5, 0xBE, 0x94, 0xB9, 0x79, 0xB4, 0xAA, 0xAF, 0x2C, 0xAB, 0x04, 0xA7,
    0x35, 0xA3, 0xC3, 0x9F, 0xB2, 0x9C, 0x05, 0x9A, 0xBE, 0x97, 0xE0, 0x95, 0x6D, 0x94, 0x66, 0x93,
    0xCD, 0x92, 0xA1, 0x92, 0xE3, 0x92, 0x93, 0x93, 0xB0, 0x94, 0x39, 0x96, 0x2D, 0x98, 0x88, 0x9A,
    0x4A, 0x9D, 0x6F, 0xA0, 0xF5, 0xA3, 0xD6, 0xA7, 0x11, 0xAC, 0xA0, 0xB0, 0x7E, 0xB5, 0xA8, 0xBA,
    0x17, 0xC0, 0xC7, 0xC5, 0xB1, 0xCB, 0xD0, 0xD1, 0x1E, 0xD8, 0x93, 0xDE, 0x2A, 0xE5, 0xDC, 0xEB,
    0xA2, 0xF2, 0x76, 0xF9, 0x4F, 0x00, 0x29, 0x07, 0xFC, 0x0D, 0xC1, 0x14, 0x71, 0x1B, 0x05, 0x22,
    0x77, 0x28, 0xC0, 0x2E, 0xDB, 0x34, 0xC0, 0x3A, 0x6A, 0x40, 0xD3, 0x45, 0xF6, 0x4A, 0xCE, 0x4F,
    0x55, 0x54, 0x88, 0x58, 0x61, 0x5C, 0xDE, 0x5F, 0xFA, 0x62, 0xB3, 0x65, 0x05, 0x68, 0xEF, 0x69,
    0x6E, 0x6B, 0x81, 0x6C, 0x27, 0x6D, 0x5F, 0x6D, 0x2A, 0x6D, 0x86, 0x6C, 0x76, 0x6B, 0xF9, 0x69,
    0x11, 0x68, 0xC1, 0x65, 0x0B, 0x63, 0xF1, 0x5F, 0x77, 0x5C, 0x9F, 0x58, 0x6F, 0x54, 0xE9, 0x4F,
    0x13, 0x4B, 0xF2, 0x45, 0x8A, 0x40, 0xE1, 0x3A, 0xFD, 0x34, 0xE4, 0x2E, 0x9C, 0x28, 0x2B, 0x22,
    0x97, 0x1B, 0xE8, 0x14, 0x24, 0x0E, 0x51, 0x07, 0x77, 0x00, 0x9E, 0xF9, 0xCA, 0xF2, 0x03, 0xEC,
    0x51, 0xE5, 0xB9, 0xDE, 0x43, 0xD8, 0xF4, 0xD1, 0xD4, 0xCB, 0xE9, 0xC5, 0x38, 0xC0, 0xC7, 0xBA,
    0x9C, 0xB5, 0xBB, 0xB0, 0x2A, 0xAC, 0xEE, 0xA7, 0x0A, 0xA4, 0x83, 0xA0, 0x5B, 0x9D, 0x97, 0x9A,
    0x39, 0x98, 0x43, 0x96, 0xB8, 0x94, 0x99, 0x93, 0xE6, 0x92, 0xA1, 0x92, 0xCB, 0x92, 0x62, 0x93,
    0x66, 0x94, 0xD7, 0x95, 0xB2, 0x97, 0xF6, 0x99, 0xA1, 0x9C, 0xB0, 0x9F, 0x1F, 0xA3, 0xED, 0xA6,
    0x13, 0xAB, 0x8F, 0xAF, 0x5C, 0xB4, 0x75, 0xB9, 0xD5, 0xBE, 0x77, 0xC4, 0x54, 0xCA, 0x68, 0xD0,
    0xAB, 0xD6, 0x18, 0xDD, 0xA8, 0xE3, 0x54, 0xEA, 0x17, 0xF1, 0xE8, 0xF7, 0xC1, 0xFE, 0x9B, 0x05,
    0x70, 0x0C, 0x39, 0x13, 0xEE, 0x19, 0x89, 0x20, 0x03, 0x27, 0x56, 0x2D, 0x7C, 0x33, 0x6E, 0x39,
    0x26, 0x3F, 0x9E, 0x44, 0xD2, 0x49, 0xBB, 0x4E, 0x55, 0x53, 0x9B, 0x57, 0x89, 0x5B, 0x1B, 0x5F,
    0x4E, 0x62, 0x1D, 0x65, 0x87, 0x67, 0x89, 0x69, 0x20, 0x6B, 0x4C, 0x6C, 0x0B, 0x6D, 0x5C, 0x6D,
    0x40, 0x6D, 0xB5, 0x6C, 0xBD, 0x6B, 0x59, 0x6A, 0x89, 0x68, 0x51, 0x66, 0xB2, 0x63, 0xAE, 0x60,
    0x49, 0x5D, 0x87, 0x59, 0x6A, 0x55, 0xF7, 0x50, 0x33, 0x4C, 0x23, 0x47, 0xCA, 0x41, 0x30, 0x3C,
    0x59, 0x36, 0x4B, 0x30, 0x0D, 0x2A, 0xA5, 0x23, 0x19, 0x1D, 0x6F, 0x16, 0xAF, 0x0F, 0xDF, 0x08,
    0x06, 0x02, 0x2C, 0xFB, 0x56, 0xF4, 0x8C, 0xED, 0xD4, 0xE6, 0x36, 0xE0, 0xB7, 0xD9, 0x5F, 0xD3,
    0x34, 0xCD, 0x3C, 0xC7, 0x7E, 0xC1, 0xFE, 0xBB, 0xC2, 0xB6, 0xD0, 0xB1, 0x2D, 0xAD, 0xDD, 0xA8,
    0xE4, 0xA4, 0x48, 0xA1, 0x0A, 0x9E, 0x2F, 0x9B, 0xBA, 0x98, 0xAC, 0x96, 0x09, 0x95, 0xD0, 0x93,
    0x05, 0x93, 0xA7, 0x92, 0xB8, 0x92, 0x36, 0x93, 0x21, 0x94, 0x79, 0x95, 0x3D, 0x97, 0x69, 0x99,
    0xFD, 0x9B, 0xF5, 0x9E, 0x4F, 0xA2, 0x07, 0xA6, 0x1A, 0xAA, 0x83, 0xAE, 0x3E, 0xB3, 0x46, 0xB8,
    0x97, 0xBD, 0x2A, 0xC3, 0xFA, 0xC8, 0x02, 0xCF, 0x3B, 0xD5, 0x9F, 0xDB, 0x27, 0xE2, 0xCE, 0xE8,
    0x8C, 0xEF, 0x5A, 0xF6, 0x33, 0xFD, 0x0C, 0x04, 0xE3, 0x0A, 0xAF, 0x11, 0x6A, 0x18, 0x0B, 0x1F,
    0x8E, 0x25, 0xEA, 0x2B, 0x1B, 0x32, 0x19, 0x38, 0xDE, 0x3D, 0x66, 0x43, 0xA9, 0x48, 0xA4, 0x4D,
    0x50, 0x52, 0xAA, 0x56, 0xAD, 0x5A, 0x54, 0x5E, 0x9C, 0x61, 0x83, 0x64, 0x04, 0x67, 0x1D, 0x69,
    0xCD, 0x6A, 0x12, 0x6C, 0xE9, 0x6C, 0x54, 0x6D, 0x50, 0x6D, 0xDE, 0x6C, 0xFF, 0x6B, 0xB3, 0x6A,
    0xFC, 0x68, 0xDB, 0x66, 0x53, 0x64, 0x66, 0x61, 0x17, 0x5E, 0x69, 0x5A, 0x61, 0x56, 0x01, 0x52,
    0x4F, 0x4D, 0x50, 0x48, 0x07, 0x43, 0x7B, 0x3D, 0xB2, 0x37, 0xB0, 0x31, 0x7C, 0x2B, 0x1D, 0x25,
    0x98, 0x1E, 0xF5, 0x17, 0x39, 0x11, 0x6C, 0x0A, 0x95, 0x03, 0xBB, 0xFC, 0xE3, 0xF5, 0x16, 0xEF,
    0x59, 0xE8, 0xB4, 0xE1, 0x2E, 0xDB, 0xCD, 0xD4, 0x97, 0xCE, 0x93, 0xC8, 0xC7, 0xC2, 0x38, 0xBD,
    0xEC, 0xB7, 0xE9, 0xB2, 0x34, 0xAE, 0xD0, 0xA9, 0xC4, 0xA5, 0x12, 0xA2, 0xBE, 0x9E, 0xCD, 0x9B,
    0x40, 0x99, 0x1A, 0x97, 0x5F, 0x95, 0x0E, 0x94, 0x2A, 0x93, 0xB3, 0x92, 0xAA, 0x92, 0x0F, 0x93,
    0xE2, 0x93, 0x22, 0x95, 0xCD, 0x96, 0xE2, 0x98, 0x5E, 0x9B, 0x40, 0x9E, 0x84, 0xA1, 0x27, 0xA5,
    0x25, 0xA9, 0x7B, 0xAD, 0x24, 0xB2, 0x1B, 0xB7, 0x5B, 0xBC, 0xE0, 0xC1, 0xA3, 0xC7, 0x9F, 0xCD,
    0xCD, 0xD3, 0x28, 0xDA, 0xA8, 0xE0, 0x49, 0xE7, 0x02, 0xEE, 0xCD, 0xF4, 0xA4, 0xFB, 0x7E, 0x02,
    0x56, 0x09, 0x25, 0x10, 0xE4, 0x16, 0x8C, 0x1D, 0x16, 0x24, 0x7C, 0x2A, 0xB7, 0x30, 0xC1, 0x36,
    0x94, 0x3C, 0x2A, 0x42, 0x7D, 0x47, 0x89, 0x4C, 0x48, 0x51, 0xB4, 0x55, 0xCB, 0x59, 0x87, 0x5D,
    0xE6, 0x60, 0xE3, 0x63, 0x7B, 0x66, 0xAC, 0x68, 0x74, 0x6A, 0xD1, 0x6B, 0xC2, 0x6C, 0x45, 0x6D,
    0x5A, 0x6D, 0x02, 0x6D, 0x3B, 0x6C, 0x08, 0x6B, 0x69, 0x69, 0x60, 0x67, 0xEF, 0x64, 0x19, 0x62,
    0xE0, 0x5E, 0x48, 0x5B, 0x53, 0x57, 0x07, 0x53, 0x68, 0x4E, 0x79, 0x49, 0x41, 0x44, 0xC4, 0x3E,
    0x08, 0x39, 0x12, 0x33, 0xE9, 0x2C, 0x93, 0x26, 0x17, 0x20, 0x79, 0x19, 0xC3, 0x12, 0xF9, 0x0B,
    0x23, 0x05, 0x4A, 0xFE, 0x71, 0xF7, 0xA0, 0xF0, 0xDF, 0xE9, 0x34, 0xE3, 0xA7, 0xDC, 0x3C, 0xD6,
    0xFC, 0xCF, 0xEC, 0xC9, 0x13, 0xC4, 0x75, 0xBE, 0x1A, 0xB9, 0x06, 0xB4, 0x3E, 0xAF, 0xC8, 0xAA,
    0xA7, 0xA6, 0xE1, 0xA2, 0x77, 0x9F, 0x6F, 0x9C, 0xCB, 0x99, 0x8E, 0x97, 0xBA, 0x95, 0x51, 0x94,
    0x54, 0x93, 0xC4, 0x92, 0xA3, 0x92, 0xEF, 0x92, 0xA9, 0x93, 0xD0, 0x94, 0x62, 0x96, 0x5F, 0x98,
    0xC4, 0x9A, 0x8F, 0x9D, 0xBD, 0xA0, 0x4B, 0xA4, 0x35, 0xA8, 0x77, 0xAC, 0x0E, 0xB1, 0xF4, 0xB5,
    0x24, 0xBB, 0x99, 0xC0, 0x4E, 0xC6, 0x3E, 0xCC, 0x61, 0xD2, 0xB2, 0xD8, 0x2B, 0xDF, 0xC5, 0xE5,
    0x79, 0xEC, 0x41, 0xF3, 0x15, 0xFA, 0xEF, 0x00, 0xC8, 0x07, 0x9A, 0x0E, 0x5D, 0x15, 0x0B, 0x1C,
    0x9C, 0x22, 0x0B, 0x29, 0x50, 0x2F, 0x66, 0x35, 0x46, 0x3B, 0xEA, 0x40, 0x4E, 0x46, 0x6A, 0x4B,
    0x3B, 0x50, 0xBA, 0x54, 0xE5, 0x58, 0xB6, 0x5C, 0x2A, 0x60, 0x3E, 0x63, 0xED, 0x65, 0x36, 0x68,
    0x16, 0x6A, 0x8C, 0x6B, 0x95, 0x6C, 0x31, 0x6D, 0x5F, 0x6D, 0x1F, 0x6D, 0x72, 0x6C, 0x57, 0x6B,
    0xD1, 0x69, 0xE0, 0x67, 0x86, 0x65, 0xC7, 0x62, 0xA4, 0x5F, 0x21, 0x5C, 0x41, 0x58, 0x09, 0x54,
    0x7C, 0x4F, 0x9F, 0x4A, 0x77, 0x45, 0x09, 0x40, 0x5B, 0x3A, 0x72, 0x34, 0x54, 0x2E, 0x08, 0x28,
    0x93, 0x21, 0xFD, 0x1A, 0x4B, 0x14, 0x85, 0x0D, 0xB2, 0x06, 0xD9, 0xFF, 0xFF, 0xF8, 0x2C, 0xF2,
    0x66, 0xEB, 0xB6, 0xE4, 0x21, 0xDE, 0xAE, 0xD7, 0x64, 0xD1, 0x48, 0xCB, 0x62, 0xC5, 0xB7, 0xBF,
    0x4C, 0xBA, 0x27, 0xB5, 0x4E, 0xB0, 0xC4, 0xAB, 0x90, 0xA7, 0xB4, 0xA3, 0x35, 0xA0, 0x17, 0x9D,
    0x5C, 0x9A, 0x07, 0x98, 0x1B, 0x96, 0x99, 0x94, 0x84, 0x93, 0xDB, 0x92, 0xA1, 0x92, 0xD4, 0x92,
    0x75, 0x93, 0x83, 0x94, 0xFD, 0x95, 0xE2, 0x97, 0x30, 0x9A, 0xE4, 0x9C, 0xFC, 0x9F, 0x74, 0xA3,
    0x4A, 0xA7, 0x78, 0xAB, 0xFC, 0xAF, 0xD0, 0xB4, 0xF0, 0xB9, 0x56, 0xBF, 0xFD, 0xC4, 0xE0, 0xCA,
    0xF8, 0xD0, 0x3F, 0xD7, 0xAF, 0xDD, 0x42, 0xE4, 0xF1, 0xEA, 0xB5, 0xF1, 0x87, 0xF8, 0x61, 0xFF,
    0x3A, 0x06, 0x0F, 0x0D, 0xD6, 0x13, 0x89, 0x1A, 0x21, 0x21, 0x98, 0x27, 0xE7, 0x2D, 0x08, 0x34,
    0xF5, 0x39, 0xA8, 0x3F, 0x1A, 0x45, 0x47, 0x4A, 0x29, 0x4F, 0xBC, 0x53, 0xFA, 0x57, 0xE0, 0x5B,
    0x6A, 0x5F, 0x93, 0x62, 0x5A, 0x65, 0xBA, 0x67, 0xB2, 0x69, 0x40, 0x6B, 0x62, 0x6C, 0x17, 0x6D,
    0x5E, 0x6D, 0x38, 0x6D, 0xA3, 0x6C, 0xA1, 0x6B, 0x33, 0x6A, 0x5A, 0x68, 0x18, 0x66, 0x70, 0x63,
    0x63, 0x60, 0xF6, 0x5C, 0x2B, 0x59, 0x06, 0x55, 0x8C, 0x50, 0xC0, 0x4B, 0xA9, 0x46, 0x4B, 0x41,
    0xAA, 0x3B, 0xCE, 0x35, 0xBC, 0x2F, 0x7A, 0x29, 0x0E, 0x23, 0x7F, 0x1C, 0xD3, 0x15, 0x11, 0x0F,
    0x40, 0x08, 0x67, 0x01, 0x8D, 0xFA, 0xB8, 0xF3, 0xEF, 0xEC, 0x39, 0xE6, 0x9D, 0xDF, 0x22, 0xD9,
    0xCE, 0xD2, 0xA7, 0xCC, 0xB4, 0xC6, 0xFB, 0xC0, 0x81, 0xBB, 0x4C, 0xB6, 0x61, 0xB1, 0xC5, 0xAC,
    0x7D, 0xA8, 0x8D, 0xA4, 0xF8, 0xA0, 0xC4, 0x9D, 0xF2, 0x9A, 0x86, 0x98, 0x82, 0x96, 0xE8, 0x94,
    0xB9, 0x93, 0xF8, 0x92, 0xA4, 0x92, 0xBF, 0x92, 0x47, 0x93, 0x3C, 0x94, 0x9E, 0x95, 0x6B, 0x97,
    0xA1, 0x99, 0x3E, 0x9C, 0x3F, 0x9F, 0xA2, 0xA2, 0x63, 0xA6, 0x7D, 0xAA, 0xEE, 0xAE, 0xB0, 0xB3,
    0xBF, 0xB8, 0x16, 0xBE, 0xAF, 0xC3, 0x84, 0xC9, 0x91, 0xCF, 0xCE, 0xD5, 0x35, 0xDC, 0xC1, 0xE2,
    0x6A, 0xE9, 0x2A, 0xF0, 0xF9, 0xF6, 0xD2, 0xFD, 0xAC, 0x04, 0x82, 0x0B, 0x4D, 0x12, 0x05, 0x19,
    0xA4, 0x1F, 0x23, 0x26, 0x7C, 0x2C, 0xA8, 0x32, 0xA1, 0x38, 0x62, 0x3E, 0xE3, 0x43, 0x20, 0x49,
    0x14, 0x4E, 0xB9, 0x52, 0x0B, 0x57, 0x05, 0x5B, 0xA4, 0x5E, 0xE4, 0x61, 0xC1, 0x64, 0x39, 0x67,
    0x49, 0x69, 0xEF, 0x6A, 0x2A, 0x6C, 0xF8, 0x6C, 0x58, 0x6D, 0x4A, 0x6D, 0xCE, 0x6C, 0xE5, 0x6B,
    0x90, 0x6A, 0xCF, 0x68, 0xA5, 0x66, 0x13, 0x64, 0x1D, 0x61, 0xC5, 0x5D, 0x0F, 0x5A, 0xFF, 0x55,
    0x97, 0x51, 0xDE, 0x4C, 0xD8, 0x47, 0x89, 0x42, 0xF7, 0x3C, 0x28, 0x37, 0x22, 0x31, 0xEA, 0x2A,
    0x87, 0x24, 0xFF, 0x1D, 0x59, 0x17, 0x9C, 0x10, 0xCD, 0x09, 0xF5, 0x02, 0x1B, 0xFC, 0x44, 0xF5,
    0x78, 0xEE, 0xBD, 0xE7, 0x1B, 0xE1, 0x98, 0xDA, 0x3A, 0xD4, 0x09, 0xCE, 0x0A, 0xC8, 0x43, 0xC2,
    0xBA, 0xBC, 0x74, 0xB7, 0x78, 0xB2, 0xCA, 0xAD, 0x6E, 0xA9, 0x6A, 0xA5, 0xC0, 0xA1, 0x76, 0x9E,
    0x8D, 0x9B, 0x0A, 0x99, 0xEE, 0x96, 0x3B, 0x95, 0xF5, 0x93, 0x1A, 0x93, 0xAE, 0x92, 0xAF, 0x92,
    0x1E, 0x93, 0xFB, 0x93, 0x44, 0x95, 0xF9, 0x96, 0x17, 0x99, 0x9D, 0x9B, 0x88, 0x9E, 0xD5, 0xA1,
    0x80, 0xA5, 0x87, 0xA9, 0xE4, 0xAD, 0x94, 0xB2, 0x92, 0xB7, 0xD9, 0xBC, 0x64, 0xC2, 0x2C, 0xC8,
    0x2C, 0xCE, 0x5F, 0xD4, 0xBD, 0xDA, 0x41, 0xE1, 0xE4, 0xE7, 0x9F, 0xEE, 0x6C, 0xF5, 0x43, 0xFC,
    0x1D, 0x03, 0xF5, 0x09, 0xC3, 0x10, 0x80, 0x17, 0x25, 0x1E, 0xAC, 0x24, 0x0F, 0x2B, 0x45, 0x31,
    0x4B, 0x37, 0x18, 0x3D, 0xA9, 0x42, 0xF6, 0x47, 0xFB, 0x4C, 0xB2, 0x51, 0x17, 0x56, 0x26, 0x5A,
    0xDA, 0x5D, 0x2F, 0x61, 0x23, 0x64, 0xB2, 0x66, 0xDA, 0x68, 0x99, 0x6A, 0xEC, 0x6B, 0xD2, 0x6C,
    0x4C, 0x6D, 0x57, 0x6D, 0xF4, 0x6C, 0x24, 0x6C, 0xE7, 0x6A, 0x3E, 0x69, 0x2C, 0x67, 0xB2, 0x64,
    0xD2, 0x61, 0x90, 0x5E, 0xEF, 0x5A, 0xF3, 0x56, 0x9F, 0x52, 0xF8, 0x4D, 0x03, 0x49, 0xC4, 0x43,
    0x41, 0x3E, 0x7F, 0x38, 0x85, 0x32, 0x58, 0x2C, 0xFE, 0x25, 0x7E, 0x1F, 0xDE, 0x18, 0x25, 0x12,
    0x5A, 0x0B, 0x84, 0x04, 0xAA, 0xFD, 0xD2, 0xF6, 0x02, 0xF0, 0x43, 0xE9, 0x9B, 0xE2, 0x10, 0xDC,
    0xA9, 0xD5, 0x6D, 0xCF, 0x62, 0xC9, 0x8D, 0xC3, 0xF6, 0xBD, 0xA1, 0xB8, 0x94, 0xB3, 0xD3, 0xAE,
    0x64, 0xAA, 0x4C, 0xA6, 0x8D, 0xA2, 0x2D, 0x9F, 0x2E, 0x9C, 0x93, 0x99, 0x5F, 0x97, 0x95, 0x95,
    0x35, 0x94, 0x42, 0x93, 0xBD, 0x92, 0xA5, 0x92, 0xFB, 0x92, 0xBF, 0x93, 0xF0, 0x94, 0x8C, 0x96,
    0x93, 0x98, 0x01, 0x9B, 0xD5, 0x9D, 0x0C, 0xA1, 0xA2, 0xA4, 0x95, 0xA8, 0xDF, 0xAC, 0x7D, 0xB1,
    0x69, 0xB6, 0xA0, 0xBB, 0x1C, 0xC1, 0xD6, 0xC6, 0xCB, 0xCC, 0xF2, 0xD2, 0x47, 0xD9, 0xC3, 0xDF,
    0x60, 0xE6, 0x16, 0xED, 0xDF, 0xF3, 0xB5, 0xFA, 0x8E, 0x01, 0x68, 0x08, 0x38, 0x0F, 0xFA, 0x15,
    0xA5, 0x1C, 0x34, 0x23, 0x9F, 0x29, 0xE0, 0x2F, 0xF1, 0x35, 0xCC, 0x3B, 0x6B, 0x41, 0xC8, 0x46,
    0xDD, 0x4B, 0xA7, 0x50, 0x1F, 0x55, 0x42, 0x59, 0x0B, 0x5D, 0x76, 0x60, 0x80, 0x63, 0x26, 0x66,
    0x66, 0x68, 0x3C, 0x6A, 0xA8, 0x6B, 0xA8, 0x6C, 0x3A, 0x6D, 0x5E, 0x6D, 0x14, 0x6D, 0x5D, 0x6C,
    0x38, 0x6B, 0xA8, 0x69, 0xAD, 0x67, 0x4B, 0x65, 0x82, 0x62, 0x56, 0x5F, 0xCB, 0x5B, 0xE3, 0x57,
    0xA2, 0x53, 0x0E, 0x4F, 0x2A, 0x4A, 0xFB, 0x44, 0x87, 0x3F, 0xD3, 0x39, 0xE5, 0x33, 0xC3, 0x2D,
    0x73, 0x27, 0xFB, 0x20, 0x62, 0x1A, 0xAE, 0x13, 0xE7, 0x0C, 0x13, 0x06, 0x39, 0xFF, 0x5F, 0xF8,
    0x8D, 0xF1, 0xCA, 0xEA, 0x1C, 0xE4, 0x89, 0xDD, 0x1A, 0xD7, 0xD4, 0xD0, 0xBD, 0xCA, 0xDC, 0xC4,
    0x36, 0xBF, 0xD1, 0xB9, 0xB3, 0xB4, 0xE1, 0xAF, 0x5F, 0xAB, 0x32, 0xA7, 0x5F, 0xA3, 0xE9, 0x9F,
    0xD3, 0x9C, 0x21, 0x9A, 0xD6, 0x97, 0xF4, 0x95, 0x7C, 0x94, 0x70, 0x93, 0xD1, 0x92, 0xA1, 0x92,
    0xDE, 0x92, 0x89, 0x93, 0xA1, 0x94, 0x25, 0x96, 0x14, 0x98, 0x6B, 0x9A, 0x28, 0x9D, 0x49, 0xA0,
    0xCA, 0xA3, 0xA7, 0xA7, 0xDE, 0xAB, 0x69, 0xB0, 0x44, 0xB5, 0x6A, 0xBA, 0xD7, 0xBF, 0x84, 0xC5,
    0x6B, 0xCB, 0x88, 0xD1, 0xD3, 0xD7, 0x47, 0xDE, 0xDD, 0xE4, 0x8E, 0xEB, 0x53, 0xF2, 0x26, 0xF9,
    0x00, 0x00, 0xDA, 0x06, 0xAD, 0x0D, 0x72, 0x14, 0x23, 0x1B, 0xB9, 0x21, 0x2D, 0x28, 0x78, 0x2E,
    0x95, 0x34, 0x7C, 0x3A, 0x29, 0x40, 0x96, 0x45, 0xBC, 0x4A, 0x97, 0x4F, 0x22, 0x54, 0x59, 0x58,
    0x36, 0x5C, 0xB7, 0x5F, 0xD8, 0x62, 0x95, 0x65, 0xEC, 0x67, 0xDB, 0x69, 0x5F, 0x6B, 0x77, 0x6C,
    0x22, 0x6D, 0x5F, 0x6D, 0x2F, 0x6D, 0x90, 0x6C, 0x84, 0x6B, 0x0C, 0x6A, 0x2A, 0x68, 0xDF, 0x65,
    0x2D, 0x63, 0x17, 0x60, 0xA1, 0x5C, 0xCE, 0x58, 0xA1, 0x54, 0x1F, 0x50, 0x4D, 0x4B, 0x2F, 0x46,
    0xCA, 0x40, 0x24, 0x3B, 0x43, 0x35, 0x2C, 0x2F, 0xE6, 0x28, 0x77, 0x22, 0xE4, 0x1B, 0x36, 0x15,
    0x73, 0x0E, 0xA1, 0x07, 0xC7, 0x00, 0xED, 0xF9, 0x19, 0xF3, 0x52, 0xEC, 0x9E, 0xE5, 0x05, 0xDF,
    0x8D, 0xD8, 0x3D, 0xD2, 0x1B, 0xCC, 0x2D, 0xC6, 0x79, 0xC0, 0x05, 0xBB, 0xD6, 0xB5, 0xF2, 0xB0,
    0x5E, 0xAC, 0x1D, 0xA8, 0x35, 0xA4, 0xAA, 0xA0, 0x7E, 0x9D, 0xB5, 0x9A, 0x53, 0x98, 0x58, 0x96,
    0xC8, 0x94, 0xA3, 0x93, 0xEC, 0x92, 0xA2, 0x92, 0xC6, 0x92, 0x58, 0x93, 0x58, 0x94, 0xC4, 0x95,
    0x9A, 0x97, 0xDA, 0x99, 0x80, 0x9C, 0x8A, 0x9F, 0xF5, 0xA2, 0xBE, 0xA6, 0xE1, 0xAA, 0x59, 0xAF,
    0x23, 0xB4, 0x38, 0xB9, 0x95, 0xBE, 0x34, 0xC4, 0x0F, 0xCA, 0x20, 0xD0, 0x61, 0xD6, 0xCC, 0xDC,
    0x5B, 0xE3, 0x06, 0xEA, 0xC8, 0xF0, 0x98, 0xF7, 0x72, 0xFE, 0x4B, 0x05, 0x21, 0x0C, 0xEA, 0x12,
    0xA0, 0x19, 0x3D, 0x20, 0xB9, 0x26, 0x0E, 0x2D, 0x35, 0x33, 0x2A, 0x39, 0xE4, 0x3E, 0x60, 0x44,
    0x97, 0x49, 0x83, 0x4E, 0x21, 0x53, 0x6B, 0x57, 0x5E, 0x5B, 0xF4, 0x5E, 0x2B, 0x62, 0xFF, 0x64,
    0x6D, 0x67, 0x74, 0x69, 0x10, 0x6B, 0x41, 0x6C, 0x05, 0x6D, 0x5B, 0x6D, 0x43, 0x6D, 0xBE, 0x6C,
    0xCB, 0x6B, 0x6B, 0x6A, 0xA1, 0x68, 0x6D, 0x66, 0xD2, 0x63, 0xD3, 0x60, 0x73, 0x5D, 0xB4, 0x59,
    0x9C, 0x55, 0x2D, 0x51, 0x6C, 0x4C, 0x5F, 0x47, 0x0A, 0x42, 0x73, 0x3C, 0x9E, 0x36, 0x93, 0x30,
    0x57, 0x2A, 0xF0, 0x23, 0x65, 0x1D, 0xBD, 0x16, 0xFE, 0x0F, 0x2E, 0x09, 0x56, 0x02, 0x7C, 0xFB,
    0xA6, 0xF4, 0xDB, 0xED, 0x22, 0xE7, 0x82, 0xE0, 0x02, 0xDA, 0xA8, 0xD3, 0x7B, 0xCD, 0x81, 0xC7,
    0xBF, 0xC1, 0x3C, 0xBC, 0xFD, 0xB6, 0x08, 0xB2, 0x61, 0xAD, 0x0D, 0xA9, 0x11, 0xA5, 0x70, 0xA1,
    0x2E, 0x9E, 0x4E, 0x9B, 0xD4, 0x98, 0xC2, 0x96, 0x19, 0x95, 0xDC, 0x93, 0x0C, 0x93, 0xA9, 0x92,
    0xB4, 0x92, 0x2E, 0x93, 0x14, 0x94, 0x67, 0x95, 0x26, 0x97, 0x4E, 0x99, 0xDD, 0x9B, 0xD1, 0x9E,
    0x26, 0xA2, 0xDA, 0xA5, 0xE9, 0xA9, 0x4E, 0xAE, 0x05, 0xB3, 0x0A, 0xB8, 0x57, 0xBD, 0xE8, 0xC2,
    0xB5, 0xC8, 0xBB, 0xCE, 0xF1, 0xD4, 0x54, 0xDB, 0xDB, 0xE1, 0x80, 0xE8, 0x3D, 0xEF, 0x0B, 0xF6,
    0xE3, 0xFC, 0xBD, 0x03, 0x94, 0x0A, 0x61, 0x11, 0x1C, 0x18, 0xBF, 0x1E, 0x43, 0x25, 0xA1, 0x2B,
    0xD4, 0x31, 0xD4, 0x37, 0x9C, 0x3D, 0x27, 0x43, 0x6E, 0x48, 0x6C, 0x4D, 0x1C, 0x52, 0x79, 0x56,
    0x80, 0x5A, 0x2B, 0x5E, 0x78, 0x61, 0x63, 0x64, 0xE9, 0x66, 0x07, 0x69, 0xBC, 0x6A, 0x05, 0x6C,
    0xE2, 0x6C, 0x51, 0x6D, 0x52, 0x6D, 0xE6, 0x6C, 0x0B, 0x6C, 0xC5, 0x6A, 0x12, 0x69, 0xF6, 0x66,
    0x73, 0x64, 0x8A, 0x61, 0x40, 0x5E, 0x96, 0x5A, 0x92, 0x56, 0x36, 0x52, 0x88, 0x4D, 0x8C, 0x48,
    0x46, 0x43, 0xBD, 0x3D, 0xF6, 0x37, 0xF7, 0x31, 0xC6, 0x2B, 0x68, 0x25, 0xE5, 0x1E, 0x43, 0x18,
    0x88, 0x11, 0xBC, 0x0A, 0xE5, 0x03, 0x0B, 0xFD, 0x33, 0xF6, 0x64, 0xEF, 0xA7, 0xE8, 0x01, 0xE2,
    0x79, 0xDB, 0x16, 0xD5, 0xDE, 0xCE, 0xD8, 0xC8, 0x09, 0xC3, 0x77, 0xBD, 0x28, 0xB8, 0x22, 0xB3,
    0x69, 0xAE, 0x01, 0xAA, 0xF1, 0xA5, 0x3B, 0xA2, 0xE3, 0x9E, 0xED, 0x9B, 0x5B, 0x99, 0x31, 0x97,
    0x70, 0x95, 0x1B, 0x94, 0x32, 0x93, 0xB6, 0x92, 0xA8, 0x92, 0x08, 0x93, 0xD6, 0x93, 0x11, 0x95,
    0xB7, 0x96, 0xC7, 0x98, 0x3F, 0x9B, 0x1C, 0x9E, 0x5C, 0xA1, 0xFB, 0xA4, 0xF5, 0xA8, 0x47, 0xAD,
    0xEC, 0xB1, 0xE0, 0xB6, 0x1D, 0xBC, 0x9E, 0xC1, 0x5F, 0xC7, 0x58, 0xCD, 0x84, 0xD3, 0xDD, 0xD9,
    0x5C, 0xE0, 0xFB, 0xE6, 0xB3, 0xED, 0x7E, 0xF4, 0x54, 0xFB, 0x2E, 0x02, 0x07, 0x09, 0xD6, 0x0F,
    0x96, 0x16, 0x3F, 0x1D, 0xCB, 0x23, 0x32, 0x2A, 0x6F, 0x30, 0x7C, 0x36, 0x51, 0x3C, 0xEA, 0x41,
    0x41, 0x47, 0x50, 0x4C, 0x12, 0x51, 0x83, 0x55, 0x9D, 0x59, 0x5E, 0x5D, 0xC1, 0x60, 0xC2, 0x63,
    0x5F, 0x66, 0x95, 0x68, 0x62, 0x6A, 0xC4, 0x6B, 0xB9, 0x6C, 0x41, 0x6D, 0x5C, 0x6D, 0x08, 0x6D,
    0x47, 0x6C, 0x18, 0x6B, 0x7E, 0x69, 0x7A, 0x67, 0x0E, 0x65, 0x3C, 0x62, 0x08, 0x5F, 0x73, 0x5B,
    0x83, 0x57, 0x3B, 0x53, 0x9F, 0x4E, 0xB4, 0x49, 0x7F, 0x44, 0x05, 0x3F, 0x4C, 0x39, 0x59, 0x33,
    0x32, 0x2D, 0xDE, 0x26, 0x63, 0x20, 0xC7, 0x19, 0x11, 0x13, 0x48, 0x0C, 0x73, 0x05, 0x99, 0xFE,
    0xC0, 0xF7, 0xEF, 0xF0, 0x2D, 0xEA, 0x81, 0xE3, 0xF2, 0xDC, 0x86, 0xD6, 0x44, 0xD0, 0x32, 0xCA,
    0x56, 0xC4, 0xB5, 0xBE, 0x57, 0xB9, 0x40, 0xB4, 0x74, 0xAF, 0xFA, 0xAA, 0xD5, 0xA6, 0x0A, 0xA3,
    0x9D, 0x9F, 0x90, 0x9C, 0xE8, 0x99, 0xA6, 0x97, 0xCD, 0x95, 0x5F, 0x94, 0x5D, 0x93, 0xC8, 0x92,
    0xA2, 0x92, 0xE9, 0x92, 0x9E, 0x93, 0xC0, 0x94, 0x4E, 0x96, 0x46, 0x98, 0xA6, 0x9A, 0x6D, 0x9D,
    0x96, 0xA0, 0x20, 0xA4, 0x06, 0xA8, 0x44, 0xAC, 0xD7, 0xB0, 0xB9, 0xB5, 0xE6, 0xBA, 0x58, 0xC0,
    0x0B, 0xC6, 0xF8, 0xCB, 0x19, 0xD2, 0x68, 0xD8, 0xDF, 0xDE, 0x77, 0xE5, 0x2A, 0xEC, 0xF1, 0xF2,
    0xC6, 0xF9, 0x9F, 0x00, 0x79, 0x07, 0x4B, 0x0E, 0x0F, 0x15, 0xBE, 0x1B, 0x51, 0x22, 0xC1, 0x28,
    0x08, 0x2F, 0x20, 0x35, 0x03, 0x3B, 0xAA, 0x40, 0x10, 0x46, 0x30, 0x4B, 0x04, 0x50, 0x88, 0x54,
    0xB6, 0x58, 0x8C, 0x5C, 0x04, 0x60, 0x1C, 0x63, 0xD0, 0x65, 0x1E, 0x68, 0x03, 0x6A, 0x7D, 0x6B,
    0x8B, 0x6C, 0x2C, 0x6D, 0x5F, 0x6D, 0x25, 0x6D, 0x7C, 0x6C, 0x67, 0x6B, 0xE5, 0x69, 0xF9, 0x67,
    0xA4, 0x65, 0xE9, 0x62, 0xCB, 0x5F, 0x4C, 0x5C, 0x70, 0x58, 0x3C, 0x54, 0xB2, 0x4F, 0xD9, 0x4A,
    0xB4, 0x45, 0x49, 0x40, 0x9E, 0x3A, 0xB8, 0x34, 0x9C, 0x2E, 0x52, 0x28, 0xDF, 0x21, 0x4A, 0x1B,
    0x9A, 0x14, 0xD4, 0x0D, 0x01, 0x07, 0x27, 0x00, 0x4E, 0xF9, 0x7B, 0xF2, 0xB5, 0xEB, 0x03, 0xE5,
    0x6D, 0xDE, 0xF8, 0xD7, 0xAC, 0xD1, 0x8E, 0xCB, 0xA5, 0xC5, 0xF7, 0xBF, 0x89, 0xBA, 0x61, 0xB5,
    0x84, 0xB0, 0xF7, 0xAB, 0xBF, 0xA7, 0xDF, 0xA3, 0x5C, 0xA0, 0x39, 0x9D, 0x7A, 0x9A, 0x20, 0x98,
    0x2F, 0x96, 0xA9, 0x94, 0x8E, 0x93, 0xE1, 0x92, 0xA1, 0x92, 0xCF, 0x92, 0x6B, 0x93, 0x74, 0x94,
    0xEA, 0x95, 0xCA, 0x97, 0x13, 0x9A, 0xC2, 0x9C, 0xD6, 0x9F, 0x4A, 0xA3, 0x1B, 0xA7, 0x46, 0xAB,
    0xC5, 0xAF, 0x96, 0xB4, 0xB2, 0xB9, 0x16, 0xBF, 0xBA, 0xC4, 0x9A, 0xCA, 0xB0, 0xD0, 0xF5, 0xD6,
    0x64, 0xDD, 0xF5, 0xE3, 0xA3, 0xEA, 0x66, 0xF1, 0x38, 0xF8, 0x11, 0xFF, 0xEB, 0x05, 0xBF, 0x0C,
    0x87, 0x13, 0x3B, 0x1A, 0xD5, 0x20, 0x4E, 0x27, 0x9F, 0x2D, 0xC2, 0x33, 0xB2, 0x39, 0x67, 0x3F,
    0xDC, 0x44, 0x0C, 0x4A, 0xF2, 0x4E, 0x89, 0x53, 0xCB, 0x57, 0xB5, 0x5B, 0x43, 0x5F, 0x71, 0x62,
    0x3C, 0x65, 0xA1, 0x67, 0x9E, 0x69, 0x30, 0x6B, 0x57, 0x6C, 0x11, 0x6D, 0x5D, 0x6D, 0x3C, 0x6D,
    0xAC, 0x6C, 0xAF, 0x6B, 0x46, 0x6A, 0x72, 0x68, 0x35, 0x66, 0x91, 0x63, 0x89, 0x60, 0x1F, 0x5D,
    0x59, 0x59, 0x38, 0x55, 0xC2, 0x50, 0xFA, 0x4B, 0xE6, 0x46, 0x8B, 0x41, 0xED, 0x3B, 0x14, 0x36,
    0x04, 0x30, 0xC4, 0x29, 0x59, 0x23, 0xCC, 0x1C, 0x21, 0x16, 0x60, 0x0F, 0x8F, 0x08, 0xB6, 0x01,
    0xDD, 0xFA, 0x07, 0xF4, 0x3D, 0xED, 0x87, 0xE6, 0xE9, 0xDF, 0x6D, 0xD9, 0x17, 0xD3, 0xEE, 0xCC,
    0xF8, 0xC6, 0x3C, 0xC1, 0xBF, 0xBB, 0x87, 0xB6, 0x98, 0xB1, 0xF9, 0xAC, 0xAD, 0xA8, 0xB8, 0xA4,
    0x20, 0xA1, 0xE7, 0x9D, 0x11, 0x9B, 0xA0, 0x98, 0x97, 0x96, 0xF8, 0x94, 0xC5, 0x93, 0xFE, 0x92,
    0xA6, 0x92, 0xBB, 0x92, 0x3E, 0x93, 0x2F, 0x94, 0x8C, 0x95, 0x54, 0x97, 0x85, 0x99, 0x1D, 0x9C,
    0x1A, 0x9F, 0x79, 0xA2, 0x35, 0xA6, 0x4C, 0xAA, 0xB8, 0xAE, 0x77, 0xB3, 0x83, 0xB8, 0xD6, 0xBD,
    0x6C, 0xC3, 0x3F, 0xC9, 0x49, 0xCF, 0x84, 0xD5, 0xEA, 0xDB, 0x74, 0xE2, 0x1C, 0xE9, 0xDB, 0xEF,
    0xAA, 0xF6, 0x82, 0xFD, 0x5C, 0x04, 0x33, 0x0B, 0xFE, 0x11, 0xB7, 0x18, 0x58, 0x1F, 0xD8, 0x25,
    0x33, 0x2C, 0x61, 0x32, 0x5D, 0x38, 0x20, 0x3E, 0xA5, 0x43, 0xE5, 0x48, 0xDC, 0x4D, 0x85, 0x52,
    0xDB, 0x56, 0xD9, 0x5A, 0x7C, 0x5E, 0xC0, 0x61, 0xA2, 0x64, 0x1E, 0x67, 0x33, 0x69, 0xDE, 0x6A,
    0x1E, 0x6C, 0xF1, 0x6C, 0x56, 0x6D, 0x4D, 0x6D, 0xD6, 0x6C, 0xF2, 0x6B, 0xA1, 0x6A, 0xE6, 0x68,
    0xC0, 0x66, 0x33, 0x64, 0x42, 0x61, 0xEE, 0x5D, 0x3C, 0x5A, 0x30, 0x56, 0xCC, 0x51, 0x17, 0x4D,
    0x14, 0x48, 0xC8, 0x42, 0x39, 0x3D, 0x6D, 0x37, 0x69, 0x31, 0x33, 0x2B, 0xD2, 0x24, 0x4C, 0x1E,
    0xA7, 0x17, 0xEA, 0x10, 0x1D, 0x0A, 0x45, 0x03, 0x6B, 0xFC, 0x94, 0xF5, 0xC7, 0xEE, 0x0B, 0xE8,
    0x68, 0xE1, 0xE3, 0xDA, 0x84, 0xD4, 0x50, 0xCE, 0x4E, 0xC8, 0x85, 0xC2, 0xF9, 0xBC, 0xB0, 0xB7,
    0xB1, 0xB2, 0xFF, 0xAD, 0x9F, 0xA9, 0x97, 0xA5, 0xE9, 0xA1, 0x9A, 0x9E, 0xAD, 0x9B, 0x25, 0x99,
    0x04, 0x97, 0x4D, 0x95, 0x01, 0x94, 0x22, 0x93, 0xB0, 0x92, 0xAC, 0x92, 0x17, 0x93, 0xEE, 0x93,
    0x33, 0x95, 0xE3, 0x96, 0xFC, 0x98, 0x7D, 0x9B, 0x64, 0x9E, 0xAC, 0xA1, 0x53, 0xA5, 0x56, 0xA9,
    0xB0, 0xAD, 0x5C, 0xB2, 0x57, 0xB7, 0x9A, 0xBC, 0x22, 0xC2, 0xE7, 0xC7, 0xE5, 0xCD, 0x16, 0xD4,
    0x72, 0xDA, 0xF5, 0xE0, 0x96, 0xE7, 0x51, 0xEE, 0x1D, 0xF5, 0xF4, 0xFB, 0xCD, 0x02, 0xA6, 0x09,
    0x74, 0x10, 0x32, 0x17, 0xD9, 0x1D, 0x61, 0x24, 0xC5, 0x2A, 0xFE, 0x30, 0x06, 0x37, 0xD6, 0x3C,
    0x69, 0x42, 0xBA, 0x47, 0xC2, 0x4C, 0x7D, 0x51, 0xE6, 0x55, 0xF9, 0x59, 0xB1, 0x5D, 0x0B, 0x61,
    0x03, 0x64, 0x97, 0x66, 0xC3, 0x68, 0x87, 0x6A, 0xDF, 0x6B, 0xCA, 0x6C, 0x48, 0x6D, 0x59, 0x6D,
    0xFB, 0x6C, 0x30, 0x6C, 0xF7, 0x6A, 0x54, 0x69, 0x46, 0x67, 0xD1, 0x64, 0xF6, 0x61, 0xB8, 0x5E,
    0x1C, 0x5B, 0x23, 0x57, 0xD3, 0x52, 0x30, 0x4E, 0x3E, 0x49, 0x02, 0x44, 0x82, 0x3E, 0xC4, 0x38,
    0xCC, 0x32, 0xA1, 0x2C, 0x49, 0x26, 0xCA, 0x1F, 0x2C, 0x19, 0x74, 0x12, 0xAA, 0x0B, 0xD4, 0x04,
    0xFA, 0xFD, 0x21, 0xF7, 0x51, 0xF0, 0x91, 0xE9, 0xE7, 0xE2, 0x5B, 0xDC, 0xF3, 0xD5, 0xB5, 0xCF,
    0xA7, 0xC9, 0xD0, 0xC3, 0x36, 0xBE, 0xDD, 0xB8, 0xCD, 0xB3, 0x09, 0xAF, 0x96, 0xAA, 0x79, 0xA6,
    0xB7, 0xA2, 0x52, 0x9F, 0x4E, 0x9C, 0xAF, 0x99, 0x77, 0x97, 0xA7, 0x95, 0x43, 0x94, 0x4B, 0x93,
    0xC0, 0x92, 0xA4, 0x92, 0xF5, 0x92, 0xB4, 0x93, 0xE0, 0x94, 0x77, 0x96, 0x79, 0x98, 0xE3, 0x9A,
    0xB2, 0x9D, 0xE5, 0xA0, 0x77, 0xA4, 0x65, 0xA8, 0xAB, 0xAC, 0x45, 0xB1, 0x2E, 0xB6, 0x62, 0xBB,
    0xDA, 0xC0, 0x92, 0xC6, 0x84, 0xCC, 0xAA, 0xD2, 0xFD, 0xD8, 0x77, 0xDF, 0x12, 0xE6, 0xC7, 0xEC,
    0x90, 0xF3, 0x65, 0xFA, 0x3F, 0x01, 0x18, 0x08, 0xE9, 0x0E, 0xAC, 0x15, 0x58, 0x1C, 0xE8, 0x22,
    0x55, 0x29, 0x98, 0x2F, 0xAC, 0x35, 0x89, 0x3B, 0x2B, 0x41, 0x8B, 0x46, 0xA4, 0x4B, 0x71, 0x50,
    0xED, 0x54, 0x13, 0x59, 0xE1, 0x5C, 0x50, 0x60, 0x5F, 0x63, 0x0A, 0x66, 0x4E, 0x68, 0x29, 0x6A,
    0x9A, 0x6B, 0x9E, 0x6C, 0x35, 0x6D, 0x5F, 0x6D, 0x1A, 0x6D, 0x67, 0x6C, 0x48, 0x6B, 0xBD, 0x69,
    0xC7, 0x67, 0x69, 0x65, 0xA5, 0x62, 0x7D, 0x5F, 0xF6, 0x5B, 0x12, 0x58, 0xD6, 0x53, 0x45, 0x4F,
    0x64, 0x4A, 0x39, 0x45, 0xC8, 0x3F, 0x17, 0x3A, 0x2C, 0x34, 0x0C, 0x2E, 0xBD, 0x27, 0x47, 0x21,
    0xAF, 0x1A, 0xFD, 0x13, 0x36, 0x0D, 0x62, 0x06, 0x89, 0xFF, 0xAF, 0xF8, 0xDC, 0xF1, 0x18, 0xEB,
    0x69, 0xE4, 0xD5, 0xDD, 0x64, 0xD7, 0x1C, 0xD1, 0x03, 0xCB, 0x1F, 0xC5, 0x76, 0xBF, 0x0E, 0xBA,
    0xED, 0xB4, 0x17, 0xB0, 0x91, 0xAB, 0x61, 0xA7, 0x89, 0xA3, 0x0F, 0xA0, 0xF5, 0x9C, 0x3F, 0x9A,
    0xEF, 0x97, 0x07, 0x96, 0x8A, 0x94, 0x7A, 0x93, 0xD6, 0x92, 0xA1, 0x92, 0xD9, 0x92, 0x7F, 0x93,
    0x92, 0x94, 0x11, 0x96, 0xFB, 0x97, 0x4D, 0x9A, 0x06, 0x9D, 0x22, 0xA0, 0x9F, 0xA3, 0x78, 0xA7,
    0xAB, 0xAB, 0x32, 0xB0, 0x0A, 0xB5, 0x2D, 0xBA, 0x96, 0xBF, 0x40, 0xC5, 0x25, 0xCB, 0x40, 0xD1,
    0x89, 0xD7, 0xFB, 0xDD, 0x8F, 0xE4, 0x3F, 0xEB, 0x04, 0xF2, 0xD7, 0xF8, 0xB1, 0xFF, 0x8A, 0x06,
    0x5E, 0x0D, 0x24, 0x14, 0xD6, 0x1A, 0x6D, 0x21, 0xE2, 0x27, 0x30, 0x2E, 0x4F, 0x34, 0x39, 0x3A,
    0xE9, 0x3F, 0x58, 0x45, 0x82, 0x4A, 0x60, 0x4F, 0xEF, 0x53, 0x2A, 0x58, 0x0B, 0x5C, 0x91, 0x5F,
    0xB6, 0x62, 0x78, 0x65, 0xD3, 0x67, 0xC7, 0x69, 0x50, 0x6B, 0x6D, 0x6C, 0x1D, 0x6D, 0x5F, 0x6D,
    0x33, 0x6D, 0x9A, 0x6C, 0x93, 0x6B, 0x20, 0x6A, 0x42, 0x68, 0xFB, 0x65, 0x4E, 0x63, 0x3D, 0x60,
    0xCB, 0x5C, 0xFC, 0x58, 0xD4, 0x54, 0x56, 0x50, 0x87, 0x4B, 0x6C, 0x46, 0x0B, 0x41, 0x68, 0x3B,
    0x89, 0x35, 0x74, 0x2F, 0x30, 0x29, 0xC2, 0x22, 0x32, 0x1C, 0x84, 0x15, 0xC2, 0x0E, 0xF0, 0x07,
    0x17, 0x01, 0x3D, 0xFA, 0x68, 0xF3, 0xA0, 0xEC, 0xEC, 0xE5, 0x51, 0xDF, 0xD8, 0xD8, 0x85, 0xD2,
    0x61, 0xCC, 0x70, 0xC6, 0xBA, 0xC0, 0x43, 0xBB, 0x11, 0xB6, 0x29, 0xB1, 0x91, 0xAC, 0x4D, 0xA8,
    0x61, 0xA4, 0xD1, 0xA0, 0xA1, 0x9D, 0xD4, 0x9A, 0x6C, 0x98, 0x6D, 0x96, 0xD8, 0x94, 0xAE, 0x93,
    0xF2, 0x92, 0xA3, 0x92, 0xC2, 0x92, 0x4F, 0x93, 0x4A, 0x94, 0xB1, 0x95, 0x82, 0x97, 0xBD, 0x99,
    0x5F, 0x9C, 0x65, 0x9F, 0xCC, 0xA2, 0x90, 0xA6, 0xAF, 0xAA, 0x24, 0xAF, 0xE9, 0xB3, 0xFC, 0xB8,
    0x56, 0xBE, 0xF1, 0xC3, 0xCA, 0xC9, 0xD8, 0xCF, 0x18, 0xD6, 0x81, 0xDC, 0x0E, 0xE3, 0xB8, 0xE9,
    0x79, 0xF0, 0x49, 0xF7, 0x22, 0xFE, 0xFC, 0x04, 0xD1, 0x0B, 0x9B, 0x12, 0x53, 0x19, 0xF0, 0x1F,
    0x6E, 0x26, 0xC5, 0x2C, 0xEF, 0x32, 0xE6, 0x38, 0xA3, 0x3E, 0x22, 0x44, 0x5C, 0x49, 0x4C, 0x4E,
    0xED, 0x52, 0x3B, 0x57, 0x32, 0x5B, 0xCC, 0x5E, 0x07, 0x62, 0xE0, 0x64, 0x53, 0x67, 0x5E, 0x69,
    0x00, 0x6B, 0x35, 0x6C, 0xFE, 0x6C, 0x5A, 0x6D, 0x47, 0x6D, 0xC6, 0x6C, 0xD8, 0x6B, 0x7E, 0x6A,
    0xB8, 0x68, 0x89, 0x66, 0xF3, 0x63, 0xF8, 0x60, 0x9C, 0x5D, 0xE2, 0x59, 0xCD, 0x55, 0x62, 0x51,
    0xA5, 0x4C, 0x9B, 0x47, 0x4A, 0x42, 0xB5, 0x3C, 0xE3, 0x36, 0xDA, 0x30, 0xA0, 0x2A, 0x3C, 0x24,
    0xB2, 0x1D, 0x0B, 0x17, 0x4D, 0x10, 0x7E, 0x09, 0xA6, 0x02, 0xCC, 0xFB, 0xF5, 0xF4, 0x29, 0xEE,
    0x70, 0xE7, 0xCF, 0xE0, 0x4D, 0xDA, 0xF1, 0xD3, 0xC2, 0xCD, 0xC5, 0xC7, 0x01, 0xC2, 0x7B, 0xBC,
    0x39, 0xB7, 0x40, 0xB2, 0x95, 0xAD, 0x3E, 0xA9, 0x3D, 0xA5, 0x98, 0xA1, 0x52, 0x9E, 0x6E, 0x9B,
    0xEF, 0x98, 0xD8, 0x96, 0x2A, 0x95, 0xE8, 0x93, 0x13, 0x93, 0xAB, 0x92, 0xB2, 0x92, 0x26, 0x93,
    0x07, 0x94, 0x56, 0x95, 0x0F, 0x97, 0x32, 0x99, 0xBD, 0x9B, 0xAC, 0x9E, 0xFD, 0xA1, 0xAD, 0xA5,
    0xB8, 0xA9, 0x19, 0xAE, 0xCD, 0xB2, 0xCE, 0xB7, 0x18, 0xBD, 0xA6, 0xC2, 0x71, 0xC8, 0x73, 0xCE,
    0xA8, 0xD4, 0x08, 0xDB, 0x8E, 0xE1, 0x32, 0xE8, 0xEE, 0xEE, 0xBB, 0xF5, 0x93, 0xFC, 0x6D, 0x03,
    0x45, 0x0A, 0x12, 0x11, 0xCE, 0x17, 0x72, 0x1E, 0xF8, 0x24, 0x58, 0x2B, 0x8D, 0x31, 0x8F, 0x37,
    0x5A, 0x3D, 0xE8, 0x42, 0x32, 0x48, 0x33, 0x4D, 0xE7, 0x51, 0x48, 0x56, 0x53, 0x5A, 0x03, 0x5E,
    0x54, 0x61, 0x43, 0x64, 0xCE, 0x66, 0xF1, 0x68, 0xAA, 0x6A, 0xF9, 0x6B, 0xDA, 0x6C, 0x4E, 0x6D,
    0x55, 0x6D, 0xED, 0x6C, 0x18, 0x6C, 0xD6, 0x6A, 0x28, 0x69, 0x11, 0x67, 0x92, 0x64, 0xAE, 0x61,
    0x68, 0x5E, 0xC3, 0x5A, 0xC2, 0x56, 0x6B, 0x52, 0xC0, 0x4D, 0xC7, 0x48, 0x85, 0x43, 0xFF, 0x3D,
    0x3B, 0x38, 0x3E, 0x32, 0x0F, 0x2C, 0xB3, 0x25, 0x31, 0x1F, 0x90, 0x18, 0xD7, 0x11, 0x0B, 0x0B,
    0x34, 0x04, 0x5A, 0xFD, 0x82, 0xF6, 0xB3, 0xEF, 0xF5, 0xE8, 0x4E, 0xE2, 0xC4, 0xDB, 0x60, 0xD5,
    0x26, 0xCF, 0x1D, 0xC9, 0x4B, 0xC3, 0xB6, 0xBD, 0x65, 0xB8, 0x5B, 0xB3, 0x9E, 0xAE, 0x33, 0xAA,
    0x1E, 0xA6, 0x64, 0xA2, 0x08, 0x9F, 0x0D, 0x9C, 0x77, 0x99, 0x48, 0x97, 0x82, 0x95, 0x28, 0x94,
    0x3A, 0x93, 0xB9, 0x92, 0xA6, 0x92, 0x02, 0x93, 0xCB, 0x93, 0x00, 0x95, 0xA2, 0x96, 0xAD, 0x98,
    0x20, 0x9B, 0xF9, 0x9D, 0x34, 0xA1, 0xCE, 0xA4, 0xC5, 0xA8, 0x13, 0xAD, 0xB4, 0xB1, 0xA4, 0xB6,
    0xDE, 0xBB, 0x5D, 0xC1, 0x1A, 0xC7, 0x11, 0xCD, 0x3B, 0xD3, 0x92, 0xD9, 0x10, 0xE0, 0xAD, 0xE6,
    0x65, 0xED, 0x2F, 0xF4, 0x04, 0xFB, 0xDE, 0x01, 0xB7, 0x08, 0x87, 0x0F, 0x48, 0x16, 0xF2, 0x1C,
    0x7F, 0x23, 0xE8, 0x29, 0x28, 0x30, 0x36, 0x36, 0x0F, 0x3C, 0xAA, 0x41, 0x04, 0x47, 0x17, 0x4C,
    0xDC, 0x50, 0x51, 0x55, 0x70, 0x59, 0x34, 0x5D, 0x9B, 0x60, 0xA1, 0x63, 0x43, 0x66, 0x7E, 0x68,
    0x4F, 0x6A, 0xB6, 0x6B, 0xB1, 0x6C, 0x3E, 0x6D, 0x5D, 0x6D, 0x0E, 0x6D, 0x52, 0x6C, 0x28, 0x6B,
    0x93, 0x69, 0x94, 0x67, 0x2C, 0x65, 0x5F, 0x62, 0x2F, 0x5F, 0x9F, 0x5B, 0xB3, 0x57, 0x6F, 0x53,
    0xD7, 0x4E, 0xEF, 0x49, 0xBD, 0x44, 0x46, 0x3F, 0x90, 0x39, 0x9F, 0x33, 0x7B, 0x2D, 0x28, 0x27,
    0xAF, 0x20, 0x14, 0x1A, 0x60, 0x13, 0x98, 0x0C, 0xC3, 0x05, 0xE9, 0xFE, 0x10, 0xF8, 0x3E, 0xF1,
    0x7C, 0xEA, 0xCE, 0xE3, 0x3E, 0xDD, 0xD0, 0xD6, 0x8C, 0xD0, 0x77, 0xCA, 0x98, 0xC4, 0xF5, 0xBE,
    0x94, 0xB9, 0x79, 0xB4, 0xAA, 0xAF, 0x2C, 0xAB, 0x04, 0xA7, 0x35, 0xA3, 0xC3, 0x9F, 0xB2, 0x9C,
    0x05, 0x9A, 0xBE, 0x97, 0xE0, 0x95, 0x6D, 0x94, 0x66, 0x93, 0xCD, 0x92, 0xA1, 0x92, 0xE3, 0x92,
    0x93, 0x93, 0xB0, 0x94, 0x39, 0x96, 0x2D, 0x98, 0x88, 0x9A, 0x4A, 0x9D, 0x6F, 0xA0, 0xF5, 0xA3,
    0xD6, 0xA7, 0x11, 0xAC, 0xA0, 0xB0, 0x7E, 0xB5, 0xA8, 0xBA, 0x17, 0xC0, 0xC7, 0xC5, 0xB1, 0xCB,
    0xD0, 0xD1, 0x1E, 0xD8, 0x93, 0xDE, 0x2A, 0xE5, 0xDC, 0xEB, 0xA2, 0xF2, 0x76, 0xF9, 0x4F, 0x00,
    0x29, 0x07, 0xFC, 0x0D, 0xC1, 0x14, 0x71, 0x1B, 0x05, 0x22, 0x77, 0x28, 0xC0, 0x2E, 0xDB, 0x34,
    0xC0, 0x3A, 0x6A, 0x40, 0xD3, 0x45, 0xF6, 0x4A, 0xCE, 0x4F, 0x55, 0x54, 0x88, 0x58, 0x61, 0x5C,
    0xDE, 0x5F, 0xFA, 0x62, 0xB3, 0x65, 0x05, 0x68, 0xEF, 0x69, 0x6E, 0x6B, 0x81, 0x6C, 0x27, 0x6D,
    0x5F, 0x6D, 0x2A, 0x6D, 0x86, 0x6C, 0x76, 0x6B, 0xF9, 0x69, 0x11, 0x68, 0xC1, 0x65, 0x0B, 0x63,
    0xF1, 0x5F, 0x77, 0x5C, 0x9F, 0x58, 0x6F, 0x54, 0xE9, 0x4F, 0x13, 0x4B, 0xF2, 0x45, 0x8A, 0x40,
    0xE1, 0x3A, 0xFD, 0x34, 0xE4, 0x2E, 0x9C, 0x28, 0x2B, 0x22, 0x97, 0x1B, 0xE8, 0x14, 0x24, 0x0E,
    0x51, 0x07, 0x77, 0x00, 0x9E, 0xF9, 0xCA, 0xF2, 0x03, 0xEC, 0x51, 0xE5, 0xB9, 0xDE, 0x43, 0xD8,
    0xF4, 0xD1, 0xD4, 0xCB, 0xE9, 0xC5, 0x38, 0xC0, 0xC7, 0xBA, 0x9C, 0xB5, 0xBB, 0xB0, 0x2A, 0xAC,
    0xEE, 0xA7, 0x0A, 0xA4, 0x83, 0xA0, 0x5B, 0x9D, 0x97, 0x9A, 0x39, 0x98, 0x43, 0x96, 0xB8, 0x94,
    0x99, 0x93, 0xE6, 0x92, 0xA1, 0x92, 0xCB, 0x92, 0x62, 0x93, 0x66, 0x94, 0xD7, 0x95, 0xB2, 0x97,
    0xF6, 0x99, 0xA1, 0x9C, 0xB0, 0x9F, 0x1F, 0xA3, 0xED, 0xA6, 0x13, 0xAB, 0x8F, 0xAF, 0x5C, 0xB4,
    0x75, 0xB9, 0xD5, 0xBE, 0x77, 0xC4, 0x54, 0xCA, 0x68, 0xD0, 0xAB, 0xD6, 0x18, 0xDD, 0xA8, 0xE3,
    0x54, 0xEA, 0x17, 0xF1, 0xE8, 0xF7, 0xC1, 0xFE, 0x9B, 0x05, 0x70, 0x0C, 0x39, 0x13, 0xEE, 0x19,
    0x89, 0x20, 0x03, 0x27, 0x56, 0x2D, 0x7C, 0x33, 0x6E, 0x39, 0x26, 0x3F, 0x9E, 0x44, 0xD2, 0x49,
    0xBB, 0x4E, 0x55, 0x53, 0x9B, 0x57, 0x89, 0x5B, 0x1B, 0x5F, 0x4E, 0x62, 0x1D, 0x65, 0x87, 0x67,
    0x89, 0x69, 0x20, 0x6B, 0x4C, 0x6C, 0x0B, 0x6D, 0x5C, 0x6D, 0x40, 0x6D, 0xB5, 0x6C, 0xBD, 0x6B,
    0x59, 0x6A, 0x89, 0x68, 0x51, 0x66, 0xB2, 0x63, 0xAE, 0x60, 0x49, 0x5D, 0x87, 0x59, 0x6A, 0x55,
    0xF7, 0x50, 0x33, 0x4C, 0x23, 0x47, 0xCA, 0x41, 0x30, 0x3C, 0x59, 0x36, 0x4B, 0x30, 0x0D, 0x2A,
    0xA5, 0x23, 0x19, 0x1D, 0x6F, 0x16, 0xAF, 0x0F, 0xDF, 0x08, 0x06, 0x02, 0x2C, 0xFB, 0x56, 0xF4,
    0x8C, 0xED, 0xD4, 0xE6, 0x36, 0xE0, 0xB7, 0xD9, 0x5F, 0xD3, 0x34, 0xCD, 0x3C, 0xC7, 0x7E, 0xC1,
    0xFE, 0xBB, 0xC2, 0xB6, 0xD0, 0xB1, 0x2D, 0xAD, 0xDD, 0xA8, 0xE4, 0xA4, 0x48, 0xA1, 0x0A, 0x9E,
    0x2F, 0x9B, 0xBA, 0x98, 0xAC, 0x96, 0x09, 0x95, 0xD0, 0x93, 0x05, 0x93, 0xA7, 0x92, 0xB8, 0x92,
    0x36, 0x93, 0x21, 0x94, 0x79, 0x95, 0x3D, 0x97, 0x69, 0x99, 0xFD, 0x9B, 0xF5, 0x9E, 0x4F, 0xA2,
    0x07, 0xA6, 0x1A, 0xAA, 0x83, 0xAE, 0x3E, 0xB3, 0x46, 0xB8, 0x97, 0xBD, 0x2A, 0xC3, 0xFA, 0xC8,
    0x02, 0xCF, 0x3B, 0xD5, 0x9F, 0xDB, 0x27, 0xE2, 0xCE, 0xE8, 0x8C, 0xEF, 0x5A, 0xF6, 0x33, 0xFD,
    0x0C, 0x04, 0xE3, 0x0A, 0xAF, 0x11, 0x6A, 0x18, 0x0B, 0x1F, 0x8E, 0x25, 0xEA, 0x2B, 0x1B, 0x32,
    0x19, 0x38, 0xDE, 0x3D, 0x66, 0x43, 0xA9, 0x48, 0xA4, 0x4D, 0x50, 0x52, 0xAA, 0x56, 0xAD, 0x5A,
    0x54, 0x5E, 0x9C, 0x61, 0x83, 0x64, 0x04, 0x67, 0x1D, 0x69, 0xCD, 0x6A, 0x12, 0x6C, 0xE9, 0x6C,
    0x54, 0x6D, 0x50, 0x6D, 0xDE, 0x6C, 0xFF, 0x6B, 0xB3, 0x6A, 0xFC, 0x68, 0xDB, 0x66, 0x53, 0x64,
    0x66, 0x61, 0x17, 0x5E, 0x69, 0x5A, 0x61, 0x56, 0x01, 0x52, 0x4F, 0x4D, 0x50, 0x48, 0x07, 0x43,
    0x7B, 0x3D, 0xB2, 0x37, 0xB0, 0x31, 0x7C, 0x2B, 0x1D, 0x25, 0x98, 0x1E, 0xF5, 0x17, 0x39, 0x11,
    0x6C, 0x0A, 0x95, 0x03, 0xBB, 0xFC, 0xE3, 0xF5, 0x16, 0xEF, 0x59, 0xE8, 0xB4, 0xE1, 0x2E, 0xDB,
    0xCD, 0xD4, 0x97, 0xCE, 0x93, 0xC8, 0xC7, 0xC2, 0x38, 0xBD, 0xEC, 0xB7, 0xE9, 0xB2, 0x34, 0xAE,
    0xD0, 0xA9, 0xC4, 0xA5, 0x12, 0xA2, 0xBE, 0x9E, 0xCD, 0x9B, 0x40, 0x99, 0x1A, 0x97, 0x5F, 0x95,
    0x0E, 0x94, 0x2A, 0x93, 0xB3, 0x92, 0xAA, 0x92, 0x0F, 0x93, 0xE2, 0x93, 0x22, 0x95, 0xCD, 0x96,
    0xE2, 0x98, 0x5E, 0x9B, 0x40, 0x9E, 0x84, 0xA1, 0x27, 0xA5, 0x25, 0xA9, 0x7B, 0xAD, 0x24, 0xB2,
    0x1B, 0xB7, 0x5B, 0xBC, 0xE0, 0xC1, 0xA3, 0xC7, 0x9F, 0xCD, 0xCD, 0xD3, 0x28, 0xDA, 0xA8, 0xE0,
    0x49, 0xE7, 0x02, 0xEE, 0xCD, 0xF4, 0xA4, 0xFB, 0x7E, 0x02, 0x56, 0x09, 0x25, 0x10, 0xE4, 0x16,
    0x8C, 0x1D, 0x16, 0x24, 0x7C, 0x2A, 0xB7, 0x30, 0xC1, 0x36, 0x94, 0x3C, 0x2A, 0x42, 0x7D, 0x47,
    0x89, 0x4C, 0x48, 0x51, 0xB4, 0x55, 0xCB, 0x59, 0x87, 0x5D, 0xE6, 0x60, 0xE3, 0x63, 0x7B, 0x66,
    0xAC, 0x68, 0x74, 0x6A, 0xD1, 0x6B, 0xC2, 0x6C, 0x45, 0x6D, 0x5A, 0x6D, 0x02, 0x6D, 0x3B, 0x6C,
    0x08, 0x6B, 0x69, 0x69, 0x60, 0x67, 0xEF, 0x64, 0x19, 0x62, 0xE0, 0x5E, 0x48, 0x5B, 0x53, 0x57,
    0x07, 0x53, 0x68, 0x4E, 0x79, 0x49, 0x41, 0x44, 0xC4, 0x3E, 0x08, 0x39, 0x12, 0x33, 0xE9, 0x2C,
    0x93, 0x26, 0x17, 0x20, 0x79, 0x19, 0xC3, 0x12, 0xF9, 0x0B, 0x23, 0x05, 0x4A, 0xFE, 0x71, 0xF7,
    0xA0, 0xF0, 0xDF, 0xE9, 0x34, 0xE3, 0xA7, 0xDC, 0x3C, 0xD6, 0xFC, 0xCF, 0xEC, 0xC9, 0x13, 0xC4,
    0x75, 0xBE, 0x1A, 0xB9, 0x06, 0xB4, 0x3E, 0xAF, 0xC8, 0xAA, 0xA7, 0xA6, 0xE1, 0xA2, 0x77, 0x9F,
    0x6F, 0x9C, 0xCB, 0x99, 0x8E, 0x97, 0xBA, 0x95, 0x51, 0x94, 0x54, 0x93, 0xC4, 0x92, 0xA3, 0x92,
    0xEF, 0x92, 0xA9, 0x93, 0xD0, 0x94, 0x62, 0x96, 0x5F, 0x98, 0xC4, 0x9A, 0x8F, 0x9D, 0xBD, 0xA0,
    0x4B, 0xA4, 0x35, 0xA8, 0x77, 0xAC, 0x0E, 0xB1, 0xF4, 0xB5, 0x24, 0xBB, 0x99, 0xC0, 0x4E, 0xC6,
    0x3E, 0xCC, 0x61, 0xD2, 0xB2, 0xD8, 0x2B, 0xDF, 0xC5, 0xE5, 0x79, 0xEC, 0x41, 0xF3, 0x15, 0xFA,
    0xEF, 0x00, 0xC8, 0x07, 0x9A, 0x0E, 0x5D, 0x15, 0x0B, 0x1C, 0x9C, 0x22, 0x0B, 0x29, 0x50, 0x2F,
    0x66, 0x35, 0x46, 0x3B, 0xEA, 0x40, 0x4E, 0x46, 0x6A, 0x4B, 0x3B, 0x50, 0xBA, 0x54, 0xE5, 0x58,
    0xB6, 0x5C, 0x2A, 0x60, 0x3E, 0x63, 0xED, 0x65, 0x36, 0x68, 0x16, 0x6A, 0x8C, 0x6B, 0x95, 0x6C,
    0x31, 0x6D, 0x5F, 0x6D, 0x1F, 0x6D, 0x72, 0x6C, 0x57, 0x6B, 0xD1, 0x69, 0xE0, 0x67, 0x86, 0x65,
    0xC7, 0x62, 0xA4, 0x5F, 0x21, 0x5C, 0x41, 0x58, 0x09, 0x54, 0x7C, 0x4F, 0x9F, 0x4A, 0x77, 0x45,
    0x09, 0x40, 0x5B, 0x3A, 0x72, 0x34, 0x54, 0x2E, 0x08, 0x28, 0x93, 0x21, 0xFD, 0x1A, 0x4B, 0x14,
    0x85, 0x0D, 0xB2, 0x06, 0xD9, 0xFF, 0xFF, 0xF8, 0x2C, 0xF2, 0x66, 0xEB, 0xB6, 0xE4, 0x21, 0xDE,
    0xAE, 0xD7, 0x64, 0xD1, 0x48, 0xCB, 0x62, 0xC5, 0xB7, 0xBF, 0x4C, 0xBA, 0x27, 0xB5, 0x4E, 0xB0,
    0xC4, 0xAB, 0x90, 0xA7, 0xB4, 0xA3, 0x35, 0xA0, 0x17, 0x9D, 0x5C, 0x9A, 0x07, 0x98, 0x1B, 0x96,
    0x99, 0x94, 0x84, 0x93, 0xDB, 0x92, 0xA1, 0x92, 0xD4, 0x92, 0x75, 0x93, 0x83, 0x94, 0xFD, 0x95,
    0xE2, 0x97, 0x30, 0x9A, 0xE4, 0x9C, 0xFC, 0x9F, 0x74, 0xA3, 0x4A, 0xA7, 0x78, 0xAB, 0xFC, 0xAF,
    0xD0, 0xB4, 0xF0, 0xB9, 0x56, 0xBF, 0xFD, 0xC4, 0xE0, 0xCA, 0xF8, 0xD0, 0x3F, 0xD7, 0xAF, 0xDD,
    0x42, 0xE4, 0xF1, 0xEA, 0xB5, 0xF1, 0x87, 0xF8, 0x61, 0xFF, 0x3A, 0x06, 0x0F, 0x0D, 0xD6, 0x13,
    0x89, 0x1A, 0x21, 0x21, 0x98, 0x27, 0xE7, 0x2D, 0x08, 0x34, 0xF5, 0x39, 0xA8, 0x3F, 0x1A, 0x45,
    0x47, 0x4A, 0x29, 0x4F, 0xBC, 0x53, 0xFA, 0x57, 0xE0, 0x5B, 0x6A, 0x5F, 0x93, 0x62, 0x5A, 0x65,
    0xBA, 0x67, 0xB2, 0x69, 0x40, 0x6B, 0x62, 0x6C, 0x17, 0x6D, 0x5E, 0x6D, 0x38, 0x6D, 0xA3, 0x6C,
    0xA1, 0x6B, 0x33, 0x6A, 0x5A, 0x68, 0x18, 0x66, 0x70, 0x63, 0x63, 0x60, 0xF6, 0x5C, 0x2B, 0x59,
    0x06, 0x55, 0x8C, 0x50, 0xC0, 0x4B, 0xA9, 0x46, 0x4B, 0x41, 0xAA, 0x3B, 0xCE, 0x35, 0xBC, 0x2F,
    0x7A, 0x29, 0x0E, 0x23, 0x7F, 0x1C, 0xD3, 0x15, 0x11, 0x0F, 0x40, 0x08, 0x67, 0x01, 0x8D, 0xFA,
    0xB8, 0xF3, 0xEF, 0xEC, 0x39, 0xE6, 0x9D, 0xDF, 0x22, 0xD9, 0xCE, 0xD2, 0xA7, 0xCC, 0xB4, 0xC6,
    0xFB, 0xC0, 0x81, 0xBB, 0x4C, 0xB6, 0x61, 0xB1, 0xC5, 0xAC, 0x7D, 0xA8, 0x8D, 0xA4, 0xF8, 0xA0,
    0xC4, 0x9D, 0xF2, 0x9A, 0x86, 0x98, 0x82, 0x96, 0xE8, 0x94, 0xB9, 0x93, 0xF8, 0x92, 0xA4, 0x92,
    0xBF, 0x92, 0x47, 0x93, 0x3C, 0x94, 0x9E, 0x95, 0x6B, 0x97, 0xA1, 0x99, 0x3E, 0x9C, 0x3F, 0x9F,
    0xA2, 0xA2, 0x63, 0xA6, 0x7D, 0xAA, 0xEE, 0xAE, 0xB0, 0xB3, 0xBF, 0xB8, 0x16, 0xBE, 0xAF, 0xC3,
    0x84, 0xC9, 0x91, 0xCF, 0xCE, 0xD5, 0x35, 0xDC, 0xC1, 0xE2, 0x6A, 0xE9, 0x2A, 0xF0, 0xF9, 0xF6,
    0xD2, 0xFD, 0xAC, 0x04, 0x82, 0x0B, 0x4D, 0x12, 0x05, 0x19, 0xA4, 0x1F, 0x23, 0x26, 0x7C, 0x2C,
    0xA8, 0x32, 0xA1, 0x38, 0x62, 0x3E, 0xE3, 0x43, 0x20, 0x49, 0x14, 0x4E, 0xB9, 0x52, 0x0B, 0x57,
    0x05, 0x5B, 0xA4, 0x5E, 0xE4, 0x61, 0xC1, 0x64, 0x39, 0x67, 0x49, 0x69, 0xEF, 0x6A, 0x2A, 0x6C,
    0xF8, 0x6C, 0x58, 0x6D, 0x4A, 0x6D, 0xCE, 0x6C, 0xE5, 0x6B, 0x90, 0x6A, 0xCF, 0x68, 0xA5, 0x66,
    0x13, 0x64, 0x1D, 0x61, 0xC5, 0x5D, 0x0F, 0x5A, 0xFF, 0x55, 0x97, 0x51, 0xDE, 0x4C, 0xD8, 0x47,
    0x89, 0x42, 0xF7, 0x3C, 0x28, 0x37, 0x22, 0x31, 0xEA, 0x2A, 0x87, 0x24, 0xFF, 0x1D, 0x59, 0x17,
    0x9C, 0x10, 0xCD, 0x09, 0xF5, 0x02, 0x1B, 0xFC, 0x44, 0xF5, 0x78, 0xEE, 0xBD, 0xE7, 0x1B, 0xE1,
    0x98, 0xDA, 0x3A, 0xD4, 0x09, 0xCE, 0x0A, 0xC8, 0x43, 0xC2, 0xBA, 0xBC, 0x74, 0xB7, 0x78, 0xB2,
    0xCA, 0xAD, 0x6E, 0xA9, 0x6A, 0xA5, 0xC0, 0xA1, 0x76, 0x9E, 0x8D, 0x9B, 0x0A, 0x99, 0xEE, 0x96,
    0x3B, 0x95, 0xF5, 0x93, 0x1A, 0x93, 0xAE, 0x92, 0xAF, 0x92, 0x1E, 0x93, 0xFB, 0x93, 0x44, 0x95,
    0xF9, 0x96, 0x17, 0x99, 0x9D, 0x9B, 0x88, 0x9E, 0xD5, 0xA1, 0x80, 0xA5, 0x87, 0xA9, 0xE4, 0xAD,
    0x94, 0xB2, 0x92, 0xB7, 0xD9, 0xBC, 0x64, 0xC2, 0x2C, 0xC8, 0x2C, 0xCE, 0x5F, 0xD4, 0xBD, 0xDA,
    0x41, 0xE1, 0xE4, 0xE7, 0x9F, 0xEE, 0x6C, 0xF5, 0x43, 0xFC, 0x1D, 0x03, 0xF5, 0x09, 0xC3, 0x10,
    0x80, 0x17, 0x25, 0x1E, 0xAC, 0x24, 0x0F, 0x2B, 0x45, 0x31, 0x4B, 0x37, 0x18, 0x3D, 0xA9, 0x42,
    0xF6, 0x47, 0xFB, 0x4C, 0xB2, 0x51, 0x17, 0x56, 0x26, 0x5A, 0xDA, 0x5D, 0x2F, 0x61, 0x23, 0x64,
    0xB2, 0x66, 0xDA, 0x68, 0x99, 0x6A, 0xEC, 0x6B, 0xD2, 0x6C, 0x4C, 0x6D, 0x57, 0x6D, 0xF4, 0x6C,
    0x24, 0x6C, 0xE7, 0x6A, 0x3E, 0x69, 0x2C, 0x67, 0xB2, 0x64, 0xD2, 0x61, 0x90, 0x5E, 0xEF, 0x5A,
    0xF3, 0x56, 0x9F, 0x52, 0xF8, 0x4D, 0x03, 0x49, 0xC4, 0x43, 0x41, 0x3E, 0x7F, 0x38, 0x85, 0x32,
    0x58, 0x2C, 0xFE, 0x25, 0x7E, 0x1F, 0xDE, 0x18, 0x25, 0x12, 0x5A, 0x0B, 0x84, 0x04, 0xAA, 0xFD,
    0xD2, 0xF6, 0x02, 0xF0, 0x43, 0xE9, 0x9B, 0xE2, 0x10, 0xDC, 0xA9, 0xD5, 0x6D, 0xCF, 0x62, 0xC9,
    0x8D, 0xC3, 0xF6, 0xBD, 0xA1, 0xB8, 0x94, 0xB3, 0xD3, 0xAE, 0x64, 0xAA, 0x4C, 0xA6, 0x8D, 0xA2,
    0x2D, 0x9F, 0x2E, 0x9C, 0x93, 0x99, 0x5F, 0x97, 0x95, 0x95, 0x35, 0x94, 0x42, 0x93, 0xBD, 0x92,
    0xA5, 0x92, 0xFB, 0x92, 0xBF, 0x93, 0xF0, 0x94, 0x8C, 0x96, 0x93, 0x98, 0x01, 0x9B, 0xD5, 0x9D,
    0x0C, 0xA1, 0xA2, 0xA4, 0x95, 0xA8, 0xDF, 0xAC, 0x7D, 0xB1, 0x69, 0xB6, 0xA0, 0xBB, 0x1C, 0xC1,
    0xD6, 0xC6, 0xCB, 0xCC, 0xF2, 0xD2, 0x47, 0xD9, 0xC3, 0xDF, 0x60, 0xE6, 0x16, 0xED, 0xDF, 0xF3,
    0xB5, 0xFA, 0x8E, 0x01, 0x68, 0x08, 0x38, 0x0F, 0xFA, 0x15, 0xA5, 0x1C, 0x34, 0x23, 0x9F, 0x29,
    0xE0, 0x2F, 0xF1, 0x35, 0xCC, 0x3B, 0x6B, 0x41, 0xC8, 0x46, 0xDD, 0x4B, 0xA7, 0x50, 0x1F, 0x55,
    0x42, 0x59, 0x0B, 0x5D, 0x76, 0x60, 0x80, 0x63, 0x26, 0x66, 0x66, 0x68, 0x3C, 0x6A, 0xA8, 0x6B,
    0xA8, 0x6C, 0x3A, 0x6D, 0x5E, 0x6D, 0x14, 0x6D, 0x5D, 0x6C, 0x38, 0x6B, 0xA8, 0x69, 0xAD, 0x67,
    0x4B, 0x65, 0x82, 0x62, 0x56, 0x5F, 0xCB, 0x5B, 0xE3, 0x57, 0xA2, 0x53, 0x0E, 0x4F, 0x2A, 0x4A,
    0xFB, 0x44, 0x87, 0x3F, 0xD3, 0x39, 0xE5, 0x33, 0xC3, 0x2D, 0x73, 0x27, 0xFB, 0x20, 0x62, 0x1A,
    0xAE, 0x13, 0xE7, 0x0C, 0x13, 0x06, 0x39, 0xFF, 0x5F, 0xF8, 0x8D, 0xF1, 0xCA, 0xEA, 0x1C, 0xE4,
    0x89, 0xDD, 0x1A, 0xD7, 0xD4, 0xD0, 0xBD, 0xCA, 0xDC, 0xC4, 0x36, 0xBF, 0xD1, 0xB9, 0xB3, 0xB4,
    0xE1, 0xAF, 0x5F, 0xAB, 0x32, 0xA7, 0x5F, 0xA3, 0xE9, 0x9F, 0xD3, 0x9C, 0x21, 0x9A, 0xD6, 0x97,
    0xF4, 0x95, 0x7C, 0x94, 0x70, 0x93, 0xD1, 0x92, 0xA1, 0x92, 0xDE, 0x92, 0x89, 0x93, 0xA1, 0x94,
    0x25, 0x96, 0x14, 0x98, 0x6B, 0x9A, 0x28, 0x9D, 0x49, 0xA0, 0xCA, 0xA3, 0xA7, 0xA7, 0xDE, 0xAB,
    0x69, 0xB0, 0x44, 0xB5, 0x6A, 0xBA, 0xD7, 0xBF, 0x84, 0xC5, 0x6B, 0xCB, 0x88, 0xD1, 0xD3, 0xD7,
    0x47, 0xDE, 0xDD, 0xE4, 0x8E, 0xEB, 0x53, 0xF2, 0x26, 0xF9, 0x00, 0x00, 0xDA, 0x06, 0xAD, 0x0D,
    0x72, 0x14, 0x23, 0x1B, 0xB9, 0x21, 0x2D, 0x28, 0x78, 0x2E, 0x95, 0x34, 0x7C, 0x3A, 0x29, 0x40,
    0x96, 0x45, 0xBC, 0x4A, 0x97, 0x4F, 0x22, 0x54, 0x59, 0x58, 0x36, 0x5C, 0xB7, 0x5F, 0xD8, 0x62,
    0x95, 0x65, 0xEC, 0x67, 0xDB, 0x69, 0x5F, 0x6B, 0x77, 0x6C, 0x22, 0x6D, 0x5F, 0x6D, 0x2F, 0x6D,
    0x90, 0x6C, 0x84, 0x6B, 0x0C, 0x6A, 0x2A, 0x68, 0xDF, 0x65, 0x2D, 0x63, 0x17, 0x60, 0xA1, 0x5C,
    0xCE, 0x58, 0xA1, 0x54, 0x1F, 0x50, 0x4D, 0x4B, 0x2F, 0x46, 0xCA, 0x40, 0x24, 0x3B, 0x43, 0x35,
    0x2C, 0x2F, 0xE6, 0x28, 0x77, 0x22, 0xE4, 0x1B, 0x36, 0x15, 0x73, 0x0E, 0xA1, 0x07, 0xC7, 0x00,
    0xED, 0xF9, 0x19, 0xF3, 0x52, 0xEC, 0x9E, 0xE5, 0x05, 0xDF, 0x8D, 0xD8, 0x3D, 0xD2, 0x1B, 0xCC,
    0x2D, 0xC6, 0x79, 0xC0, 0x05, 0xBB, 0xD6, 0xB5, 0xF2, 0xB0, 0x5E, 0xAC, 0x1D, 0xA8, 0x35, 0xA4,
    0xAA, 0xA0, 0x7E, 0x9D, 0xB5, 0x9A, 0x53, 0x98, 0x58, 0x96, 0xC8, 0x94, 0xA3, 0x93, 0xEC, 0x92,
    0xA2, 0x92, 0xC6, 0x92, 0x58, 0x93, 0x58, 0x94, 0xC4, 0x95, 0x9A, 0x97, 0xDA, 0x99, 0x80, 0x9C,
    0x8A, 0x9F, 0xF5, 0xA2, 0xBE, 0xA6, 0xE1, 0xAA, 0x59, 0xAF, 0x23, 0xB4, 0x38, 0xB9, 0x95, 0xBE,
    0x34, 0xC4, 0x0F, 0xCA, 0x20, 0xD0, 0x61, 0xD6, 0xCC, 0xDC, 0x5B, 0xE3, 0x06, 0xEA, 0xC8, 0xF0,
    0x98, 0xF7, 0x72, 0xFE, 0x4B, 0x05, 0x21, 0x0C, 0xEA, 0x12, 0xA0, 0x19, 0x3D, 0x20, 0xB9, 0x26,
    0x0E, 0x2D, 0x35, 0x33, 0x2A, 0x39, 0xE4, 0x3E, 0x60, 0x44, 0x97, 0x49, 0x83, 0x4E, 0x21, 0x53,
    0x6B, 0x57, 0x5E, 0x5B, 0xF4, 0x5E, 0x2B, 0x62, 0xFF, 0x64, 0x6D, 0x67, 0x74, 0x69, 0x10, 0x6B,
    0x41, 0x6C, 0x05, 0x6D, 0x5B, 0x6D, 0x43, 0x6D, 0xBE, 0x6C, 0xCB, 0x6B, 0x6B, 0x6A, 0xA1, 0x68,
    0x6D, 0x66, 0xD2, 0x63, 0xD3, 0x60, 0x73, 0x5D, 0xB4, 0x59, 0x9C, 0x55, 0x2D, 0x51, 0x6C, 0x4C,
    0x5F, 0x47, 0x0A, 0x42, 0x73, 0x3C, 0x9E, 0x36, 0x93, 0x30, 0x57, 0x2A, 0xF0, 0x23, 0x65, 0x1D,
    0xBD, 0x16, 0xFE, 0x0F, 0x2E, 0x09, 0x56, 0x02, 0x7C, 0xFB, 0xA6, 0xF4, 0xDB, 0xED, 0x22, 0xE7,
    0x82, 0xE0, 0x02, 0xDA, 0xA8, 0xD3, 0x7B, 0xCD, 0x81, 0xC7, 0xBF, 0xC1, 0x3C, 0xBC, 0xFD, 0xB6,
    0x08, 0xB2, 0x61, 0xAD, 0x0D, 0xA9, 0x11, 0xA5, 0x70, 0xA1, 0x2E, 0x9E, 0x4E, 0x9B, 0xD4, 0x98,
    0xC2, 0x96, 0x19, 0x95, 0xDC, 0x93, 0x0C, 0x93, 0xA9, 0x92, 0xB4, 0x92, 0x2E, 0x93, 0x14, 0x94,
    0x67, 0x95, 0x26, 0x97, 0x4E, 0x99, 0xDD, 0x9B, 0xD1, 0x9E, 0x26, 0xA2, 0xDA, 0xA5, 0xE9, 0xA9,
    0x4E, 0xAE, 0x05, 0xB3, 0x0A, 0xB8, 0x57, 0xBD, 0xE8, 0xC2, 0xB5, 0xC8, 0xBB, 0xCE, 0xF1, 0xD4,
    0x54, 0xDB, 0xDB, 0xE1, 0x80, 0xE8, 0x3D, 0xEF, 0x0B, 0xF6, 0xE3, 0xFC, 0xBD, 0x03, 0x94, 0x0A,
    0x61, 0x11, 0x1C, 0x18, 0xBF, 0x1E, 0x43, 0x25, 0xA1, 0x2B, 0xD4, 0x31, 0xD4, 0x37, 0x9C, 0x3D,
    0x27, 0x43, 0x6E, 0x48, 0x6C, 0x4D, 0x1C, 0x52, 0x79, 0x56, 0x80, 0x5A, 0x2B, 0x5E, 0x78, 0x61,
    0x63, 0x64, 0xE9, 0x66, 0x07, 0x69, 0xBC, 0x6A, 0x05, 0x6C, 0xE2, 0x6C, 0x51, 0x6D, 0x52, 0x6D,
    0xE6, 0x6C, 0x0B, 0x6C, 0xC5, 0x6A, 0x12, 0x69, 0xF6, 0x66, 0x73, 0x64, 0x8A, 0x61, 0x40, 0x5E,
    0x96, 0x5A, 0x92, 0x56, 0x36, 0x52, 0x88, 0x4D, 0x8C, 0x48, 0x46, 0x43, 0xBD, 0x3D, 0xF6, 0x37,
    0xF7, 0x31, 0xC6, 0x2B, 0x68, 0x25, 0xE5, 0x1E, 0x43, 0x18, 0x88, 0x11, 0xBC, 0x0A, 0xE5, 0x03,
    0x0B, 0xFD, 0x33, 0xF6, 0x64, 0xEF, 0xA7, 0xE8, 0x01, 0xE2, 0x79, 0xDB, 0x16, 0xD5, 0xDE, 0xCE,
    0xD8, 0xC8, 0x09, 0xC3, 0x77, 0xBD, 0x28, 0xB8, 0x22, 0xB3, 0x69, 0xAE, 0x01, 0xAA, 0xF1, 0xA5,
    0x3B, 0xA2, 0xE3, 0x9E, 0xED, 0x9B, 0x5B, 0x99, 0x31, 0x97, 0x70, 0x95, 0x1B, 0x94, 0x32, 0x93,
    0xB6, 0x92, 0xA8, 0x92, 0x08, 0x93, 0xD6, 0x93, 0x11, 0x95, 0xB7, 0x96, 0xC7, 0x98, 0x3F, 0x9B,
    0x1C, 0x9E, 0x5C, 0xA1, 0xFB, 0xA4, 0xF5, 0xA8, 0x47, 0xAD, 0xEC, 0xB1, 0xE0, 0xB6, 0x1D, 0xBC,
    0x9E, 0xC1, 0x5F, 0xC7, 0x58, 0xCD, 0x84, 0xD3, 0xDD, 0xD9, 0x5C, 0xE0, 0xFB, 0xE6, 0xB3, 0xED,
    0x7E, 0xF4, 0x54, 0xFB, 0x2E, 0x02, 0x07, 0x09, 0xD6, 0x0F, 0x96, 0x16, 0x3F, 0x1D, 0xCB, 0x23,
    0x32, 0x2A, 0x6F, 0x30, 0x7C, 0x36, 0x51, 0x3C, 0xEA, 0x41, 0x41, 0x47, 0x50, 0x4C, 0x12, 0x51,
    0x83, 0x55, 0x9D, 0x59, 0x5E, 0x5D, 0xC1, 0x60, 0xC2, 0x63, 0x5F, 0x66, 0x95, 0x68, 0x62, 0x6A,
    0xC4, 0x6B, 0xB9, 0x6C, 0x41, 0x6D, 0x5C, 0x6D, 0x08, 0x6D, 0x47, 0x6C, 0x18, 0x6B, 0x7E, 0x69,
    0x7A, 0x67, 0x0E, 0x65, 0x3C, 0x62, 0x08, 0x5F, 0x73, 0x5B, 0x83, 0x57, 0x3B, 0x53, 0x9F, 0x4E,
    0xB4, 0x49, 0x7F, 0x44, 0x05, 0x3F, 0x4C, 0x39, 0x59, 0x33, 0x32, 0x2D, 0xDE, 0x26, 0x63, 0x20,
    0xC7, 0x19, 0x11, 0x13, 0x48, 0x0C, 0x73, 0x05, 0x99, 0xFE, 0xC0, 0xF7, 0xEF, 0xF0, 0x2D, 0xEA,
    0x81, 0xE3, 0xF2, 0xDC, 0x86, 0xD6, 0x44, 0xD0, 0x32, 0xCA, 0x56, 0xC4, 0xB5, 0xBE, 0x57, 0xB9,
    0x40, 0xB4, 0x74, 0xAF, 0xFA, 0xAA, 0xD5, 0xA6, 0x0A, 0xA3, 0x9D, 0x9F, 0x90, 0x9C, 0xE8, 0x99,
    0xA6, 0x97, 0xCD, 0x95, 0x5F, 0x94, 0x5D, 0x93, 0xC8, 0x92, 0xA2, 0x92, 0xE9, 0x92, 0x9E, 0x93,
    0xC0, 0x94, 0x4E, 0x96, 0x46, 0x98, 0xA6, 0x9A, 0x6D, 0x9D, 0x96, 0xA0, 0x20, 0xA4, 0x06, 0xA8,
    0x44, 0xAC, 0xD7, 0xB0, 0xB9, 0xB5, 0xE6, 0xBA, 0x58, 0xC0, 0x0B, 0xC6, 0xF8, 0xCB, 0x19, 0xD2,
    0x68, 0xD8, 0xDF, 0xDE, 0x77, 0xE5, 0x2A, 0xEC, 0xF1, 0xF2, 0xC6, 0xF9, 0x9F, 0x00, 0x79, 0x07,
    0x4B, 0x0E, 0x0F, 0x15, 0xBE, 0x1B, 0x51, 0x22, 0xC1, 0x28, 0x08, 0x2F, 0x20, 0x35, 0x03, 0x3B,
    0xAA, 0x40, 0x10, 0x46, 0x30, 0x4B, 0x04, 0x50, 0x88, 0x54, 0xB6, 0x58, 0x8C, 0x5C, 0x04, 0x60,
    0x1C, 0x63, 0xD0, 0x65, 0x1E, 0x68, 0x03, 0x6A, 0x7D, 0x6B, 0x8B, 0x6C, 0x2C, 0x6D, 0x5F, 0x6D,
    0x25, 0x6D, 0x7C, 0x6C, 0x67, 0x6B, 0xE5, 0x69, 0xF9, 0x67, 0xA4, 0x65, 0xE9, 0x62, 0xCB, 0x5F,
    0x4C, 0x5C, 0x70, 0x58, 0x3C, 0x54, 0xB2, 0x4F, 0xD9, 0x4A, 0xB4, 0x45, 0x49, 0x40, 0x9E, 0x3A,
    0xB8, 0x34, 0x9C, 0x2E, 0x52, 0x28, 0xDF, 0x21, 0x4A, 0x1B, 0x9A, 0x14, 0xD4, 0x0D, 0x01, 0x07,
    0x27, 0x00, 0x4E, 0xF9, 0x7B, 0xF2, 0xB5, 0xEB, 0x03, 0xE5, 0x6D, 0xDE, 0xF8, 0xD7, 0xAC, 0xD1,
    0x8E, 0xCB, 0xA5, 0xC5, 0xF7, 0xBF, 0x89, 0xBA, 0x61, 0xB5, 0x84, 0xB0, 0xF7, 0xAB, 0xBF, 0xA7,
    0xDF, 0xA3, 0x5C, 0xA0, 0x39, 0x9D, 0x7A, 0x9A, 0x20, 0x98, 0x2F, 0x96, 0xA9, 0x94, 0x8E, 0x93,
    0xE1, 0x92, 0xA1, 0x92, 0xCF, 0x92, 0x6B, 0x93, 0x74, 0x94, 0xEA, 0x95, 0xCA, 0x97, 0x13, 0x9A,
    0xC2, 0x9C, 0xD6, 0x9F, 0x4A, 0xA3, 0x1B, 0xA7, 0x46, 0xAB, 0xC5, 0xAF, 0x96, 0xB4, 0xB2, 0xB9,
    0x16, 0xBF, 0xBA, 0xC4, 0x9A, 0xCA, 0xB0, 0xD0, 0xF5, 0xD6, 0x64, 0xDD, 0xF5, 0xE3, 0xA3, 0xEA,
    0x66, 0xF1, 0x38, 0xF8, 0x11, 0xFF, 0xEB, 0x05, 0xBF, 0x0C, 0x87, 0x13, 0x3B, 0x1A, 0xD5, 0x20,
    0x4E, 0x27, 0x9F, 0x2D, 0xC2, 0x33, 0xB2, 0x39, 0x67, 0x3F, 0xDC, 0x44, 0x0C, 0x4A, 0xF2, 0x4E,
    0x89, 0x53, 0xCB, 0x57, 0xB5, 0x5B, 0x43, 0x5F, 0x71, 0x62, 0x3C, 0x65, 0xA1, 0x67, 0x9E, 0x69,
    0x30, 0x6B, 0x57, 0x6C, 0x11, 0x6D, 0x5D, 0x6D, 0x3C, 0x6D, 0xAC, 0x6C, 0xAF, 0x6B, 0x46, 0x6A,
    0x72, 0x68, 0x35, 0x66, 0x91, 0x63, 0x89, 0x60, 0x1F, 0x5D, 0x59, 0x59, 0x38, 0x55, 0xC2, 0x50,
    0xFA, 0x4B, 0xE6, 0x46, 0x8B, 0x41, 0xED, 0x3B, 0x14, 0x36, 0x04, 0x30, 0xC4, 0x29, 0x59, 0x23,
    0xCC, 0x1C, 0x21, 0x16, 0x60, 0x0F, 0x8F, 0x08, 0xB6, 0x01, 0xDD, 0xFA, 0x07, 0xF4, 0x3D, 0xED,
    0x87, 0xE6, 0xE9, 0xDF, 0x6D, 0xD9, 0x17, 0xD3, 0xEE, 0xCC, 0xF8, 0xC6, 0x3C, 0xC1, 0xBF, 0xBB,
    0x87, 0xB6, 0x98, 0xB1, 0xF9, 0xAC, 0xAD, 0xA8, 0xB8, 0xA4, 0x20, 0xA1, 0xE7, 0x9D, 0x11, 0x9B,
    0xA0, 0x98, 0x97, 0x96, 0xF8, 0x94, 0xC5, 0x93, 0xFE, 0x92, 0xA6, 0x92, 0xBB, 0x92, 0x3E, 0x93,
    0x2F, 0x94, 0x8C, 0x95, 0x54, 0x97, 0x85, 0x99, 0x1D, 0x9C, 0x1A, 0x9F, 0x79, 0xA2, 0x35, 0xA6,
    0x4C, 0xAA, 0xB8, 0xAE, 0x77, 0xB3, 0x83, 0xB8, 0xD6, 0xBD, 0x6C, 0xC3, 0x3F, 0xC9, 0x49, 0xCF,
    0x84, 0xD5, 0xEA, 0xDB, 0x74, 0xE2, 0x1C, 0xE9, 0xDB, 0xEF, 0xAA, 0xF6, 0x82, 0xFD, 0x5C, 0x04,
    0x33, 0x0B, 0xFE, 0x11, 0xB7, 0x18, 0x58, 0x1F, 0xD8, 0x25, 0x33, 0x2C, 0x61, 0x32, 0x5D, 0x38,
    0x20, 0x3E, 0xA5, 0x43, 0xE5, 0x48, 0xDC, 0x4D, 0x85, 0x52, 0xDB, 0x56, 0xD9, 0x5A, 0x7C, 0x5E,
    0xC0, 0x61, 0xA2, 0x64, 0x1E, 0x67, 0x33, 0x69, 0xDE, 0x6A, 0x1E, 0x6C, 0xF1, 0x6C, 0x56, 0x6D,
    0x4D, 0x6D, 0xD6, 0x6C, 0xF2, 0x6B, 0xA1, 0x6A, 0xE6, 0x68, 0xC0, 0x66, 0x33, 0x64, 0x42, 0x61,
    0xEE, 0x5D, 0x3C, 0x5A, 0x30, 0x56, 0xCC, 0x51, 0x17, 0x4D, 0x14, 0x48, 0xC8, 0x42, 0x39, 0x3D,
    0x6D, 0x37, 0x69, 0x31, 0x33, 0x2B, 0xD2, 0x24, 0x4C, 0x1E, 0xA7, 0x17, 0xEA, 0x10, 0x1D, 0x0A,
    0x45, 0x03, 0x6B, 0xFC, 0x94, 0xF5, 0xC7, 0xEE, 0x0B, 0xE8, 0x68, 0xE1, 0xE3, 0xDA, 0x84, 0xD4,
    0x50, 0xCE, 0x4E, 0xC8, 0x85, 0xC2, 0xF9, 0xBC, 0xB0, 0xB7, 0xB1, 0xB2, 0xFF, 0xAD, 0x9F, 0xA9,
    0x97, 0xA5, 0xE9, 0xA1, 0x9A, 0x9E, 0xAD, 0x9B, 0x25, 0x99, 0x04, 0x97, 0x4D, 0x95, 0x01, 0x94,
    0x22, 0x93, 0xB0, 0x92, 0xAC, 0x92, 0x17, 0x93, 0xEE, 0x93, 0x33, 0x95, 0xE3, 0x96, 0xFC, 0x98,
    0x7D, 0x9B, 0x64, 0x9E, 0xAC, 0xA1, 0x53, 0xA5, 0x56, 0xA9, 0xB0, 0xAD, 0x5C, 0xB2, 0x57, 0xB7,
    0x9A, 0xBC, 0x22, 0xC2, 0xE7, 0xC7, 0xE5, 0xCD, 0x16, 0xD4, 0x72, 0xDA, 0xF5, 0xE0, 0x96, 0xE7,
    0x51, 0xEE, 0x1D, 0xF5, 0xF4, 0xFB, 0xCD, 0x02, 0xA6, 0x09, 0x74, 0x10, 0x32, 0x17, 0xD9, 0x1D,
    0x61, 0x24, 0xC5, 0x2A, 0xFE, 0x30, 0x06, 0x37, 0xD6, 0x3C, 0x69, 0x42, 0xBA, 0x47, 0xC2, 0x4C,
    0x7D, 0x51, 0xE6, 0x55, 0xF9, 0x59, 0xB1, 0x5D, 0x0B, 0x61, 0x03, 0x64, 0x97, 0x66, 0xC3, 0x68,
    0x87, 0x6A, 0xDF, 0x6B, 0xCA, 0x6C, 0x48, 0x6D, 0x59, 0x6D, 0xFB, 0x6C, 0x30, 0x6C, 0xF7, 0x6A,
    0x54, 0x69, 0x46, 0x67, 0xD1, 0x64, 0xF6, 0x61, 0xB8, 0x5E, 0x1C, 0x5B, 0x23, 0x57, 0xD3, 0x52,
    0x30, 0x4E, 0x3E, 0x49, 0x02, 0x44, 0x82, 0x3E, 0xC4, 0x38, 0xCC, 0x32, 0xA1, 0x2C, 0x49, 0x26,
    0xCA, 0x1F, 0x2C, 0x19, 0x74, 0x12, 0xAA, 0x0B, 0xD4, 0x04, 0xFA, 0xFD, 0x21, 0xF7, 0x51, 0xF0,
    0x91, 0xE9, 0xE7, 0xE2, 0x5B, 0xDC, 0xF3, 0xD5, 0xB5, 0xCF, 0xA7, 0xC9, 0xD0, 0xC3, 0x36, 0xBE,
    0xDD, 0xB8, 0xCD, 0xB3, 0x09, 0xAF, 0x96, 0xAA, 0x79, 0xA6, 0xB7, 0xA2, 0x52, 0x9F, 0x4E, 0x9C,
    0xAF, 0x99, 0x77, 0x97, 0xA7, 0x95, 0x43, 0x94, 0x4B, 0x93, 0xC0, 0x92, 0xA4, 0x92, 0xF5, 0x92,
    0xB4, 0x93, 0xE0, 0x94, 0x77, 0x96, 0x79, 0x98, 0xE3, 0x9A, 0xB2, 0x9D, 0xE5, 0xA0, 0x77, 0xA4,
    0x65, 0xA8, 0xAB, 0xAC, 0x45, 0xB1, 0x2E, 0xB6, 0x62, 0xBB, 0xDA, 0xC0, 0x92, 0xC6, 0x84, 0xCC,
    0xAA, 0xD2, 0xFD, 0xD8, 0x77, 0xDF, 0x12, 0xE6, 0xC7, 0xEC, 0x90, 0xF3, 0x65, 0xFA, 0x3F, 0x01,
    0x18, 0x08, 0xE9, 0x0E, 0xAC, 0x15, 0x58, 0x1C, 0xE8, 0x22, 0x55, 0x29, 0x98, 0x2F, 0xAC, 0x35,
    0x89, 0x3B, 0x2B, 0x41, 0x8B, 0x46, 0xA4, 0x4B, 0x71, 0x50, 0xED, 0x54, 0x13, 0x59, 0xE1, 0x5C,
    0x50, 0x60, 0x5F, 0x63, 0x0A, 0x66, 0x4E, 0x68, 0x29, 0x6A, 0x9A, 0x6B, 0x9E, 0x6C, 0x35, 0x6D,
    0x5F, 0x6D, 0x1A, 0x6D, 0x67, 0x6C, 0x48, 0x6B, 0xBD, 0x69, 0xC7, 0x67, 0x69, 0x65, 0xA5, 0x62,
    0x7D, 0x5F, 0xF6, 0x5B, 0x12, 0x58, 0xD6, 0x53, 0x45, 0x4F, 0x64, 0x4A, 0x39, 0x45, 0xC8, 0x3F,
    0x17, 0x3A, 0x2C, 0x34, 0x0C, 0x2E, 0xBD, 0x27, 0x47, 0x21, 0xAF, 0x1A, 0xFD, 0x13, 0x36, 0x0D,
    0x62, 0x06, 0x89, 0xFF, 0xAF, 0xF8, 0xDC, 0xF1, 0x18, 0xEB, 0x69, 0xE4, 0xD5, 0xDD, 0x64, 0xD7,
    0x1C, 0xD1, 0x03, 0xCB, 0x1F, 0xC5, 0x76, 0xBF, 0x0E, 0xBA, 0xED, 0xB4, 0x17, 0xB0, 0x91, 0xAB,
    0x61, 0xA7, 0x89, 0xA3, 0x0F, 0xA0, 0xF5, 0x9C, 0x3F, 0x9A, 0xEF, 0x97, 0x07, 0x96, 0x8A, 0x94,
    0x7A, 0x93, 0xD6, 0x92, 0xA1, 0x92, 0xD9, 0x92, 0x7F, 0x93, 0x92, 0x94, 0x11, 0x96, 0xFB, 0x97,
    0x4D, 0x9A, 0x06, 0x9D, 0x22, 0xA0, 0x9F, 0xA3, 0x78, 0xA7, 0xAB, 0xAB, 0x32, 0xB0, 0x0A, 0xB5,
    0x2D, 0xBA, 0x96, 0xBF, 0x40, 0xC5, 0x25, 0xCB, 0x40, 0xD1, 0x89, 0xD7, 0xFB, 0xDD, 0x8F, 0xE4,
    0x3F, 0xEB, 0x04, 0xF2, 0xD7, 0xF8, 0xB1, 0xFF, 0x8A, 0x06, 0x5E, 0x0D, 0x24, 0x14, 0xD6, 0x1A,
    0x6D, 0x21, 0xE2, 0x27, 0x30, 0x2E, 0x4F, 0x34, 0x39, 0x3A, 0xE9, 0x3F, 0x58, 0x45, 0x82, 0x4A,
    0x60, 0x4F, 0xEF, 0x53, 0x2A, 0x58, 0x0B, 0x5C, 0x91, 0x5F, 0xB6, 0x62, 0x78, 0x65, 0xD3, 0x67,
    0xC7, 0x69, 0x50, 0x6B, 0x6D, 0x6C, 0x1D, 0x6D, 0x5F, 0x6D, 0x33, 0x6D, 0x9A, 0x6C, 0x93, 0x6B,
    0x20, 0x6A, 0x42, 0x68, 0xFB, 0x65, 0x4E, 0x63, 0x3D, 0x60, 0xCB, 0x5C, 0xFC, 0x58, 0xD4, 0x54,
    0x56, 0x50, 0x87, 0x4B, 0x6C, 0x46, 0x0B, 0x41, 0x68, 0x3B, 0x89, 0x35, 0x74, 0x2F, 0x30, 0x29,
    0xC2, 0x22, 0x32, 0x1C, 0x84, 0x15, 0xC2, 0x0E, 0xF0, 0x07, 0x17, 0x01, 0x3D, 0xFA, 0x68, 0xF3,
    0xA0, 0xEC, 0xEC, 0xE5, 0x51, 0xDF, 0xD8, 0xD8, 0x85, 0xD2, 0x61, 0xCC, 0x70, 0xC6, 0xBA, 0xC0,
    0x43, 0xBB, 0x11, 0xB6, 0x29, 0xB1, 0x91, 0xAC, 0x4D, 0xA8, 0x61, 0xA4, 0xD1, 0xA0, 0xA1, 0x9D,
    0xD4, 0x9A, 0x6C, 0x98, 0x6D, 0x96, 0xD8, 0x94, 0xAE, 0x93, 0xF2, 0x92, 0xA3, 0x92, 0xC2, 0x92,
    0x4F, 0x93, 0x4A, 0x94, 0xB1, 0x95, 0x82, 0x97, 0xBD, 0x99, 0x5F, 0x9C, 0x65, 0x9F, 0xCC, 0xA2,
    0x90, 0xA6, 0xAF, 0xAA, 0x24, 0xAF, 0xE9, 0xB3, 0xFC, 0xB8, 0x56, 0xBE, 0xF1, 0xC3, 0xCA, 0xC9,
    0xD8, 0xCF, 0x18, 0xD6, 0x81, 0xDC, 0x0E, 0xE3, 0xB8, 0xE9, 0x79, 0xF0, 0x49, 0xF7, 0x22, 0xFE,
    0xFC, 0x04, 0xD1, 0x0B, 0x9B, 0x12, 0x53, 0x19, 0xF0, 0x1F, 0x6E, 0x26, 0xC5, 0x2C, 0xEF, 0x32,
    0xE6, 0x38, 0xA3, 0x3E, 0x22, 0x44, 0x5C, 0x49, 0x4C, 0x4E, 0xED, 0x52, 0x3B, 0x57, 0x32, 0x5B,
    0xCC, 0x5E, 0x07, 0x62, 0xE0, 0x64, 0x53, 0x67, 0x5E, 0x69, 0x00, 0x6B, 0x35, 0x6C, 0xFE, 0x6C,
    0x5A, 0x6D, 0x47, 0x6D, 0xC6, 0x6C, 0xD8, 0x6B, 0x7E, 0x6A, 0xB8, 0x68, 0x89, 0x66, 0xF3, 0x63,
    0xF8, 0x60, 0x9C, 0x5D, 0xE2, 0x59, 0xCD, 0x55, 0x62, 0x51, 0xA5, 0x4C, 0x9B, 0x47, 0x4A, 0x42,
    0xB5, 0x3C, 0xE3, 0x36, 0xDA, 0x30, 0xA0, 0x2A, 0x3C, 0x24, 0xB2, 0x1D, 0x0B, 0x17, 0x4D, 0x10,
    0x7E, 0x09, 0xA6, 0x02, 0xCC, 0xFB, 0xF5, 0xF4, 0x29, 0xEE, 0x70, 0xE7, 0xCF, 0xE0, 0x4D, 0xDA,
    0xF1, 0xD3, 0xC2, 0xCD, 0xC5, 0xC7, 0x01, 0xC2, 0x7B, 0xBC, 0x39, 0xB7, 0x40, 0xB2, 0x95, 0xAD,
    0x3E, 0xA9, 0x3D, 0xA5, 0x98, 0xA1, 0x52, 0x9E, 0x6E, 0x9B, 0xEF, 0x98, 0xD8, 0x96, 0x2A, 0x95,
    0xE8, 0x93, 0x13, 0x93, 0xAB, 0x92, 0xB2, 0x92, 0x26, 0x93, 0x07, 0x94, 0x56, 0x95, 0x0F, 0x97,
    0x32, 0x99, 0xBD, 0x9B, 0xAC, 0x9E, 0xFD, 0xA1, 0xAD, 0xA5, 0xB8, 0xA9, 0x19, 0xAE, 0xCD, 0xB2,
    0xCE, 0xB7, 0x18, 0xBD, 0xA6, 0xC2, 0x71, 0xC8, 0x73, 0xCE, 0xA8, 0xD4, 0x08, 0xDB, 0x8E, 0xE1,
    0x32, 0xE8, 0xEE, 0xEE, 0xBB, 0xF5, 0x93, 0xFC, 0x6D, 0x03, 0x45, 0x0A, 0x12, 0x11, 0xCE, 0x17,
    0x72, 0x1E, 0xF8, 0x24, 0x58, 0x2B, 0x8D, 0x31, 0x8F, 0x37, 0x5A, 0x3D, 0xE8, 0x42, 0x32, 0x48,
    0x33, 0x4D, 0xE7, 0x51, 0x48, 0x56, 0x53, 0x5A, 0x03, 0x5E, 0x54, 0x61, 0x43, 0x64, 0xCE, 0x66,
    0xF1, 0x68, 0xAA, 0x6A, 0xF9, 0x6B, 0xDA, 0x6C, 0x4E, 0x6D, 0x55, 0x6D, 0xED, 0x6C, 0x18, 0x6C,
    0xD6, 0x6A, 0x28, 0x69, 0x11, 0x67, 0x92, 0x64, 0xAE, 0x61, 0x68, 0x5E, 0xC3, 0x5A, 0xC2, 0x56,
    0x6B, 0x52, 0xC0, 0x4D, 0xC7, 0x48, 0x85, 0x43, 0xFF, 0x3D, 0x3B, 0x38, 0x3E, 0x32, 0x0F, 0x2C,
    0xB3, 0x25, 0x31, 0x1F, 0x90, 0x18, 0xD7, 0x11, 0x0B, 0x0B, 0x34, 0x04, 0x5A, 0xFD, 0x82, 0xF6,
    0xB3, 0xEF, 0xF5, 0xE8, 0x4E, 0xE2, 0xC4, 0xDB, 0x60, 0xD5, 0x26, 0xCF, 0x1D, 0xC9, 0x4B, 0xC3,
    0xB6, 0xBD, 0x65, 0xB8, 0x5B, 0xB3, 0x9E, 0xAE, 0x33, 0xAA, 0x1E, 0xA6, 0x64, 0xA2, 0x08, 0x9F,
    0x0D, 0x9C, 0x77, 0x99, 0x48, 0x97, 0x82, 0x95, 0x28, 0x94, 0x3A, 0x93, 0xB9, 0x92, 0xA6, 0x92,
    0x02, 0x93, 0xCB, 0x93, 0x00, 0x95, 0xA2, 0x96, 0xAD, 0x98, 0x20, 0x9B, 0xF9, 0x9D, 0x34, 0xA1,
    0xCE, 0xA4, 0xC5, 0xA8, 0x13, 0xAD, 0xB4, 0xB1, 0xA4, 0xB6, 0xDE, 0xBB, 0x5D, 0xC1, 0x1A, 0xC7,
    0x11, 0xCD, 0x3B, 0xD3, 0x92, 0xD9, 0x10, 0xE0, 0xAD, 0xE6, 0x65, 0xED, 0x2F, 0xF4, 0x04, 0xFB,
    0xDE, 0x01, 0xB7, 0x08, 0x87, 0x0F, 0x48, 0x16, 0xF2, 0x1C, 0x7F, 0x23, 0xE8, 0x29, 0x28, 0x30,
    0x36, 0x36, 0x0F, 0x3C, 0xAA, 0x41, 0x04, 0x47, 0x17, 0x4C, 0xDC, 0x50, 0x51, 0x55, 0x70, 0x59,
    0x34, 0x5D, 0x9B, 0x60, 0xA1, 0x63, 0x43, 0x66, 0x7E, 0x68, 0x4F, 0x6A, 0xB6, 0x6B, 0xB1, 0x6C,
    0x3E, 0x6D, 0x5D, 0x6D, 0x0E, 0x6D, 0x52, 0x6C, 0x28, 0x6B, 0x93, 0x69, 0x94, 0x67, 0x2C, 0x65,
    0x5F, 0x62, 0x2F, 0x5F, 0x9F, 0x5B, 0xB3, 0x57, 0x6F, 0x53, 0xD7, 0x4E, 0xEF, 0x49, 0xBD, 0x44,
    0x46, 0x3F, 0x90, 0x39, 0x9F, 0x33, 0x7B, 0x2D, 0x28, 0x27, 0xAF, 0x20, 0x14, 0x1A, 0x60, 0x13,
    0x98, 0x0C, 0xC3, 0x05, 0xE9, 0xFE, 0x10, 0xF8, 0x3E, 0xF1, 0x7C, 0xEA, 0xCE, 0xE3, 0x3E, 0xDD,
    0xD0, 0xD6, 0x8C, 0xD0, 0x77, 0xCA, 0x98, 0xC4, 0xF5, 0xBE, 0x94, 0xB9, 0x79, 0xB4, 0xAA, 0xAF,
    0x2C, 0xAB, 0x04, 0xA7, 0x35, 0xA3, 0xC3, 0x9F, 0xB2, 0x9C, 0x05, 0x9A, 0xBE, 0x97, 0xE0, 0x95,
    0x6D, 0x94, 0x66, 0x93, 0xCD, 0x92, 0xA1, 0x92, 0xE3, 0x92, 0x93, 0x93, 0xB0, 0x94, 0x39, 0x96,
    0x2D, 0x98, 0x88, 0x9A, 0x4A, 0x9D, 0x6F, 0xA0, 0xF5, 0xA3, 0xD6, 0xA7, 0x11, 0xAC, 0xA0, 0xB0,
    0x7E, 0xB5, 0xA8, 0xBA, 0x17, 0xC0, 0xC7, 0xC5, 0xB1, 0xCB, 0xD0, 0xD1, 0x1E, 0xD8, 0x93, 0xDE,
    0x2A, 0xE5, 0xDC, 0xEB, 0xA2, 0xF2, 0x76, 0xF9, 0x4F, 0x00, 0x29, 0x07, 0xFC, 0x0D, 0xC1, 0x14,
    0x71, 0x1B, 0x05, 0x22, 0x77, 0x28, 0xC0, 0x2E, 0xDB, 0x34, 0xC0, 0x3A, 0x6A, 0x40, 0xD3, 0x45,
    0xF6, 0x4A, 0xCE, 0x4F, 0x55, 0x54, 0x88, 0x58, 0x61, 0x5C, 0xDE, 0x5F, 0xFA, 0x62, 0xB3, 0x65,
    0x05, 0x68, 0xEF, 0x69, 0x6E, 0x6B, 0x81, 0x6C, 0x27, 0x6D, 0x5F, 0x6D, 0x2A, 0x6D, 0x86, 0x6C,
    0x76, 0x6B, 0xF9, 0x69, 0x11, 0x68, 0xC1, 0x65, 0x0B, 0x63, 0xF1, 0x5F, 0x77, 0x5C, 0x9F, 0x58,
    0x6F, 0x54, 0xE9, 0x4F, 0x13, 0x4B, 0xF2, 0x45, 0x8A, 0x40, 0xE1, 0x3A, 0xFD, 0x34, 0xE4, 0x2E,
    0x9C, 0x28, 0x2B, 0x22, 0x97, 0x1B, 0xE8, 0x14, 0x24, 0x0E, 0x51, 0x07, 0x77, 0x00, 0x9E, 0xF9,
    0xCA, 0xF2, 0x03, 0xEC, 0x51, 0xE5, 0xB9, 0xDE, 0x43, 0xD8, 0xF4, 0xD1, 0xD4, 0xCB, 0xE9, 0xC5,
    0x38, 0xC0, 0xC7, 0xBA, 0x9C, 0xB5, 0xBB, 0xB0, 0x2A, 0xAC, 0xEE, 0xA7, 0x0A, 0xA4, 0x83, 0xA0,
    0x5B, 0x9D, 0x97, 0x9A, 0x39, 0x98, 0x43, 0x96, 0xB8, 0x94, 0x99, 0x93, 0xE6, 0x92, 0xA1, 0x92,
    0xCB, 0x92, 0x62, 0x93, 0x66, 0x94, 0xD7, 0x95, 0xB2, 0x97, 0xF6, 0x99, 0xA1, 0x9C, 0xB0, 0x9F,
    0x1F, 0xA3, 0xED, 0xA6, 0x13, 0xAB, 0x8F, 0xAF, 0x5C, 0xB4, 0x75, 0xB9, 0xD5, 0xBE, 0x77, 0xC4,
    0x54, 0xCA, 0x68, 0xD0, 0xAB, 0xD6, 0x18, 0xDD, 0xA8, 0xE3, 0x54, 0xEA, 0x17, 0xF1, 0xE8, 0xF7,
    0xC1, 0xFE, 0x9B, 0x05, 0x70, 0x0C, 0x39, 0x13, 0xEE, 0x19, 0x89, 0x20, 0x03, 0x27, 0x56, 0x2D,
    0x7C, 0x33, 0x6E, 0x39, 0x26, 0x3F, 0x9E, 0x44, 0xD2, 0x49, 0xBB, 0x4E, 0x55, 0x53, 0x9B, 0x57,
    0x89, 0x5B, 0x1B, 0x5F, 0x4E, 0x62, 0x1D, 0x65, 0x87, 0x67, 0x89, 0x69, 0x20, 0x6B, 0x4C, 0x6C,
    0x0B, 0x6D, 0x5C, 0x6D, 0x40, 0x6D, 0xB5, 0x6C, 0xBD, 0x6B, 0x59, 0x6A, 0x89, 0x68, 0x51, 0x66,
    0xB2, 0x63, 0xAE, 0x60, 0x49, 0x5D, 0x87, 0x59, 0x6A, 0x55, 0xF7, 0x50, 0x33, 0x4C, 0x23, 0x47,
    0xCA, 0x41, 0x30, 0x3C, 0x59, 0x36, 0x4B, 0x30, 0x0D, 0x2A, 0xA5, 0x23, 0x19, 0x1D, 0x6F, 0x16,
    0xAF, 0x0F, 0xDF, 0x08, 0x06, 0x02, 0x2C, 0xFB, 0x56, 0xF4, 0x8C, 0xED, 0xD4, 0xE6, 0x36, 0xE0,
    0xB7, 0xD9, 0x5F, 0xD3, 0x34, 0xCD, 0x3C, 0xC7, 0x7E, 0xC1, 0xFE, 0xBB, 0xC2, 0xB6, 0xD0, 0xB1,
    0x2D, 0xAD, 0xDD, 0xA8, 0xE4, 0xA4, 0x48, 0xA1, 0x0A, 0x9E, 0x2F, 0x9B, 0xBA, 0x98, 0xAC, 0x96,
    0x09, 0x95, 0xD0, 0x93, 0x05, 0x93, 0xA7, 0x92, 0xB8, 0x92, 0x36, 0x93, 0x21, 0x94, 0x79, 0x95,
    0x3D, 0x97, 0x69, 0x99, 0xFD, 0x9B, 0xF5, 0x9E, 0x4F, 0xA2, 0x07, 0xA6, 0x1A, 0xAA, 0x83, 0xAE,
    0x3E, 0xB3, 0x46, 0xB8, 0x97, 0xBD, 0x2A, 0xC3, 0xFA, 0xC8, 0x02, 0xCF, 0x3B, 0xD5, 0x9F, 0xDB,
    0x27, 0xE2, 0xCE, 0xE8, 0x8C, 0xEF, 0x5A, 0xF6, 0x33, 0xFD, 0x0C, 0x04, 0xE3, 0x0A, 0xAF, 0x11,
    0x6A, 0x18, 0x0B, 0x1F, 0x8E, 0x25, 0xEA, 0x2B, 0x1B, 0x32, 0x19, 0x38, 0xDE, 0x3D, 0x66, 0x43,
    0xA9, 0x48, 0xA4, 0x4D, 0x50, 0x52, 0xAA, 0x56, 0xAD, 0x5A, 0x54, 0x5E, 0x9C, 0x61, 0x83, 0x64,
    0x04, 0x67, 0x1D, 0x69, 0xCD, 0x6A, 0x12, 0x6C, 0xE9, 0x6C, 0x54, 0x6D, 0x50, 0x6D, 0xDE, 0x6C,
    0xFF, 0x6B, 0xB3, 0x6A, 0xFC, 0x68, 0xDB, 0x66, 0x53, 0x64, 0x66, 0x61, 0x17, 0x5E, 0x69, 0x5A,
    0x61, 0x56, 0x01, 0x52, 0x4F, 0x4D, 0x50, 0x48, 0x07, 0x43, 0x7B, 0x3D, 0xB2, 0x37, 0xB0, 0x31,
    0x7C, 0x2B, 0x1D, 0x25, 0x98, 0x1E, 0xF5, 0x17, 0x39, 0x11, 0x6C, 0x0A, 0x95, 0x03, 0xBB, 0xFC,
    0xE3, 0xF5, 0x16, 0xEF, 0x59, 0xE8, 0xB4, 0xE1, 0x2E, 0xDB, 0xCD, 0xD4, 0x97, 0xCE, 0x93, 0xC8,
    0xC7, 0xC2, 0x38, 0xBD, 0xEC, 0xB7, 0xE9, 0xB2, 0x34, 0xAE, 0xD0, 0xA9, 0xC4, 0xA5, 0x12, 0xA2,
    0xBE, 0x9E, 0xCD, 0x9B, 0x40, 0x99, 0x1A, 0x97, 0x5F, 0x95, 0x0E, 0x94, 0x2A, 0x93, 0xB3, 0x92,
    0xAA, 0x92, 0x0F, 0x93, 0xE2, 0x93, 0x22, 0x95, 0xCD, 0x96, 0xE2, 0x98, 0x5E, 0x9B, 0x40, 0x9E,
    0x84, 0xA1, 0x27, 0xA5, 0x25, 0xA9, 0x7B, 0xAD, 0x24, 0xB2, 0x1B, 0xB7, 0x5B, 0xBC, 0xE0, 0xC1,
    0xA3, 0xC7, 0x9F, 0xCD, 0xCD, 0xD3, 0x28, 0xDA, 0xA8, 0xE0, 0x49, 0xE7, 0x02, 0xEE, 0xCD, 0xF4,
    0xA4, 0xFB, 0x7E, 0x02, 0x56, 0x09, 0x25, 0x10, 0xE4, 0x16, 0x8C, 0x1D, 0x16, 0x24, 0x7C, 0x2A,
    0xB7, 0x30, 0xC1, 0x36, 0x94, 0x3C, 0x2A, 0x42, 0x7D, 0x47, 0x89, 0x4C, 0x48, 0x51, 0xB4, 0x55,
    0xCB, 0x59, 0x87, 0x5D, 0xE6, 0x60, 0xE3, 0x63, 0x7B, 0x66, 0xAC, 0x68, 0x74, 0x6A, 0xD1, 0x6B,
    0xC2, 0x6C, 0x45, 0x6D, 0x5A, 0x6D, 0x02, 0x6D, 0x3B, 0x6C, 0x08, 0x6B, 0x69, 0x69, 0x60, 0x67,
    0xEF, 0x64, 0x19, 0x62, 0xE0, 0x5E, 0x48, 0x5B, 0x53, 0x57, 0x07, 0x53, 0x68, 0x4E, 0x79, 0x49,
    0x41, 0x44, 0xC4, 0x3E, 0x08, 0x39, 0x12, 0x33, 0xE9, 0x2C, 0x93, 0x26, 0x17, 0x20, 0x79, 0x19,
    0xC3, 0x12, 0xF9, 0x0B, 0x23, 0x05, 0x4A, 0xFE, 0x71, 0xF7, 0xA0, 0xF0, 0xDF, 0xE9, 0x34, 0xE3,
    0xA7, 0xDC, 0x3C, 0xD6, 0xFC, 0xCF, 0xEC, 0xC9, 0x13, 0xC4, 0x75, 0xBE, 0x1A, 0xB9, 0x06, 0xB4,
    0x3E, 0xAF, 0xC8, 0xAA, 0xA7, 0xA6, 0xE1, 0xA2, 0x77, 0x9F, 0x6F, 0x9C, 0xCB, 0x99, 0x8E, 0x97,
    0xBA, 0x95, 0x51, 0x94, 0x54, 0x93, 0xC4, 0x92, 0xA3, 0x92, 0xEF, 0x92, 0xA9, 0x93, 0xD0, 0x94,
    0x62, 0x96, 0x5F, 0x98, 0xC4, 0x9A, 0x8F, 0x9D, 0xBD, 0xA0, 0x4B, 0xA4, 0x35, 0xA8, 0x77, 0xAC,
    0x0E, 0xB1, 0xF4, 0xB5, 0x24, 0xBB, 0x99, 0xC0, 0x4E, 0xC6, 0x3E, 0xCC, 0x61, 0xD2, 0xB2, 0xD8,
    0x2B, 0xDF, 0xC5, 0xE5, 0x79, 0xEC, 0x41, 0xF3, 0x15, 0xFA, 0xEF, 0x00, 0xC8, 0x07, 0x9A, 0x0E,
    0x5D, 0x15, 0x0B, 0x1C, 0x9C, 0x22, 0x0B, 0x29, 0x50, 0x2F, 0x66, 0x35, 0x46, 0x3B, 0xEA, 0x40,
    0x4E, 0x46, 0x6A, 0x4B, 0x3B, 0x50, 0xBA, 0x54, 0xE5, 0x58, 0xB6, 0x5C, 0x2A, 0x60, 0x3E, 0x63,
    0xED, 0x65, 0x36, 0x68, 0x16, 0x6A, 0x8C, 0x6B, 0x95, 0x6C, 0x31, 0x6D, 0x5F, 0x6D, 0x1F, 0x6D,
    0x72, 0x6C, 0x57, 0x6B, 0xD1, 0x69, 0xE0, 0x67, 0x86, 0x65, 0xC7, 0x62, 0xA4, 0x5F, 0x21, 0x5C,
    0x41, 0x58, 0x09, 0x54, 0x7C, 0x4F, 0x9F, 0x4A, 0x77, 0x45, 0x09, 0x40, 0x5B, 0x3A, 0x72, 0x34,
    0x54, 0x2E, 0x08, 0x28, 0x93, 0x21, 0xFD, 0x1A, 0x4B, 0x14, 0x85, 0x0D, 0xB2, 0x06, 0xD9, 0xFF,
    0xFF, 0xF8, 0x2C, 0xF2, 0x66, 0xEB, 0xB6, 0xE4, 0x21, 0xDE, 0xAE, 0xD7, 0x64, 0xD1, 0x48, 0xCB,
    0x62, 0xC5, 0xDD, 0xBF, 0x9D, 0xBA, 0xAA, 0xB5, 0x08, 0xB1, 0xB9, 0xAC, 0xC5, 0xA8, 0x2C, 0xA5,
    0xF2, 0xA1, 0x1C, 0x9F, 0xAB, 0x9C, 0x9F, 0x9A, 0xFD, 0x98, 0xC4, 0x97, 0xF6, 0x96, 0x92, 0x96,
    0x99, 0x96, 0x0A, 0x97, 0xE4, 0x97, 0x25, 0x99, 0xCC, 0x9A, 0xD8, 0x9C, 0x45, 0x9F, 0x10, 0xA2,
    0x36, 0xA5, 0xB4, 0xA8, 0x85, 0xAC, 0xA5, 0xB0, 0x11, 0xB5, 0xC2, 0xB9, 0xB5, 0xBE, 0xE2, 0xC3,
    0x46, 0xC9, 0xDA, 0xCE, 0x99, 0xD4, 0x7C, 0xDA, 0x7D, 0xE0, 0x96, 0xE6, 0xC2, 0xEC, 0xF9, 0xF2,
    0x35, 0xF9, 0x70, 0xFF, 0xA2, 0x05, 0xC9, 0x0B, 0xDB, 0x11, 0xD3, 0x17, 0xAC, 0x1D, 0x5F, 0x23,
    0xE7, 0x28, 0x40, 0x2E, 0x62, 0x33, 0x4B, 0x38, 0xF4, 0x3C, 0x59, 0x41, 0x77, 0x45, 0x4A, 0x49,
    0xCE, 0x4C, 0x00, 0x50, 0xDD, 0x52, 0x62, 0x55, 0x8F, 0x57, 0x60, 0x59, 0xD5, 0x5A, 0xED, 0x5B,
    0xA7, 0x5C, 0x02, 0x5D, 0xFF, 0x5C, 0xA0, 0x5C, 0xE2, 0x5B, 0xC9, 0x5A, 0x57, 0x59, 0x8D, 0x57,
    0x6C, 0x55, 0xFA, 0x52, 0x36, 0x50, 0x26, 0x4D, 0xCD, 0x49, 0x2D, 0x46, 0x4C, 0x42, 0x2E, 0x3E,
    0xD7, 0x39, 0x4C, 0x35, 0x91, 0x30, 0xAD, 0x2B, 0xA4, 0x26, 0x7B, 0x21, 0x37, 0x1C, 0xDF, 0x16,
    0x78, 0x11, 0x06, 0x0C, 0x90, 0x06, 0x1C, 0x01, 0xB1, 0xFB, 0x50, 0xF6, 0x00, 0xF1, 0xC7, 0xEB,
    0xAA, 0xE6, 0xAF, 0xE1, 0xDA, 0xDC, 0x2E, 0xD8, 0xB3, 0xD3, 0x6A, 0xCF, 0x59, 0xCB, 0x83, 0xC7,
    0xEC, 0xC3, 0x97, 0xC0, 0x86, 0xBD, 0xBE, 0xBA, 0x3E, 0xB8, 0x0C, 0xB6, 0x27, 0xB4, 0x92, 0xB2,
    0x4D, 0xB1, 0x59, 0xB0, 0xB7, 0xAF, 0x67, 0xAF, 0x69, 0xAF, 0xBC, 0xAF, 0x5F, 0xB0, 0x51, 0xB1,
    0x91, 0xB2, 0x1D, 0xB4, 0xF4, 0xB5, 0x11, 0xB8, 0x74, 0xBA, 0x19, 0xBD, 0xFE, 0xBF, 0x1E, 0xC3,
    0x76, 0xC6, 0x03, 0xCA, 0xC1, 0xCD, 0xAB, 0xD1, 0xBD, 0xD5, 0xF3, 0xD9, 0x49, 0xDE, 0xB9, 0xE2,
    0x3F, 0xE7, 0xD7, 0xEB, 0x7C, 0xF0, 0x28, 0xF5, 0xD7, 0xF9, 0x85, 0xFE, 0x2A, 0x03, 0xC6, 0x07,
    0x53, 0x0C, 0xCB, 0x10, 0x2A, 0x15, 0x6C, 0x19, 0x8E, 0x1D, 0x8A, 0x21, 0x5E, 0x25, 0x05, 0x29,
    0x7C, 0x2C, 0xC1, 0x2F, 0xD0, 0x32, 0xA5, 0x35, 0x40, 0x38, 0x9D, 0x3A, 0xBB, 0x3C, 0x98, 0x3E,
    0x32, 0x40, 0x89, 0x41, 0x9B, 0x42, 0x68, 0x43, 0xF0, 0x43, 0x32, 0x44, 0x2F, 0x44, 0xE7, 0x43,
    0x5A, 0x43, 0x8C, 0x42, 0x7B, 0x41, 0x2B, 0x40, 0x9C, 0x3E, 0xD0, 0x3C, 0xCB, 0x3A, 0x8F, 0x38,
    0x1D, 0x36, 0x7B, 0x33, 0xA8, 0x30, 0xAA, 0x2D, 0x85, 0x2A, 0x3A, 0x27, 0xCE, 0x23, 0x44, 0x20,
    0xA2, 0x1C, 0xE9, 0x18, 0x1F, 0x15, 0x46, 0x11, 0x64, 0x0D, 0x7D, 0x09, 0x94, 0x05, 0xAD, 0x01,
    0xCE, 0xFD, 0xF7, 0xF9, 0x2F, 0xF6, 0x78, 0xF2, 0xD7, 0xEE, 0x4E, 0xEB, 0xE2, 0xE7, 0x95, 0xE4,
    0x6C, 0xE1, 0x67, 0xDE, 0x8B, 0xDB, 0xDA, 0xD8, 0x56, 0xD6, 0x02, 0xD4, 0xDF, 0xD1, 0xF0, 0xCF,
    0x35, 0xCE, 0xB0, 0xCC, 0x63, 0xCB, 0x4E, 0xCA, 0x71, 0xC9, 0xCD, 0xC8, 0x63, 0xC8, 0x32, 0xC8,
    0x3A, 0xC8, 0x7A, 0xC8, 0xF1, 0xC8, 0xA0, 0xC9, 0x84, 0xCA, 0x9B, 0xCB, 0xE6, 0xCC, 0x61, 0xCE,
    0x0B, 0xD0, 0xE1, 0xD1, 0xE1, 0xD3, 0x0A, 0xD6, 0x58, 0xD8, 0xC9, 0xDA, 0x59, 0xDD, 0x06, 0xE0,
    0xCE, 0xE2, 0xAC, 0xE5, 0x9D, 0xE8, 0x9F, 0xEB, 0xAE, 0xEE, 0xC7, 0xF1, 0xE7, 0xF4, 0x0B, 0xF8,
    0x2E, 0xFB, 0x4E, 0xFE, 0x67, 0x01, 0x78, 0x04, 0x7C, 0x07, 0x71, 0x0A, 0x54, 0x0D, 0x21, 0x10,
    0xD8, 0x12, 0x73, 0x15, 0xF2, 0x17, 0x52, 0x1A, 0x91, 0x1C, 0xAD, 0x1E, 0xA4, 0x20, 0x74, 0x22,
    0x1D, 0x24, 0x9C, 0x25, 0xF1, 0x26, 0x1B, 0x28, 0x19, 0x29, 0xEA, 0x29, 0x8F, 0x2A, 0x06, 0x2B,
    0x50, 0x2B, 0x6D, 0x2B, 0x5F, 0x2B, 0x24, 0x2B, 0xBD, 0x2A, 0x2D, 0x2A, 0x73, 0x29, 0x91, 0x28,
    0x89, 0x27, 0x5C, 0x26, 0x0B, 0x25, 0x98, 0x23, 0x05, 0x22, 0x55, 0x20, 0x89, 0x1E, 0xA4, 0x1C,
    0xA7, 0x1A, 0x96, 0x18, 0x71, 0x16, 0x3D, 0x14, 0xFC, 0x11, 0xAF, 0x0F, 0x5A, 0x0D, 0xFF, 0x0A,
    0xA0, 0x08, 0x40, 0x06, 0xE3, 0x03, 0x89, 0x01, 0x36, 0xFF, 0xEC, 0xFC, 0xAC, 0xFA, 0x79, 0xF8,
    0x56, 0xF6, 0x44, 0xF4, 0x46, 0xF2, 0x5C, 0xF0, 0x8A, 0xEE, 0xD0, 0xEC, 0x30, 0xEB, 0xAB, 0xE9,
    0x43, 0xE8, 0xF8, 0xE6, 0xCC, 0xE5, 0xBF, 0xE4, 0xD2, 0xE3, 0x05, 0xE3, 0x5A, 0xE2, 0xCF, 0xE1,
    0x65, 0xE1, 0x1D, 0xE1, 0xF6, 0xE0, 0xEF, 0xE0, 0x08, 0xE1, 0x41, 0xE1, 0x98, 0xE1, 0x0E, 0xE2,
    0xA0, 0xE2, 0x4F, 0xE3, 0x18, 0xE4, 0xFA, 0xE4, 0xF5, 0xE5, 0x07, 0xE7, 0x2D, 0xE8, 0x67, 0xE9,
    0xB4, 0xEA, 0x10, 0xEC, 0x7B, 0xED, 0xF2, 0xEE, 0x75, 0xF0, 0x01, 0xF2, 0x94, 0xF3, 0x2C, 0xF5,
    0xC8, 0xF6, 0x66, 0xF8, 0x04, 0xFA, 0xA1, 0xFB, 0x39, 0xFD, 0xCD, 0xFE, 0x59, 0x00, 0xDE, 0x01,
    0x58, 0x03, 0xC8, 0x04, 0x2B, 0x06, 0x80, 0x07, 0xC6, 0x08, 0xFC, 0x09, 0x21, 0x0B, 0x34, 0x0C,
    0x33, 0x0D, 0x1F, 0x0E, 0xF7, 0x0E, 0xBA, 0x0F, 0x68, 0x10, 0x00, 0x11, 0x82, 0x11, 0xEF, 0x11,
    0x46, 0x12, 0x87, 0x12, 0xB3, 0x12, 0xCA, 0x12, 0xCC, 0x12, 0xB9, 0x12, 0x93, 0x12, 0x5A, 0x12,
    0x0E, 0x12, 0xB1, 0x11, 0x43, 0x11, 0xC5, 0x10, 0x38, 0x10, 0x9E, 0x0F, 0xF7, 0x0E, 0x44, 0x0E,
    0x87, 0x0D, 0xC1, 0x0C, 0xF2, 0x0B, 0x1D, 0x0B, 0x42, 0x0A, 0x62, 0x09, 0x7F, 0x08, 0x9A, 0x07,
    0xB5, 0x06, 0xCF, 0x05, 0xEB, 0x04, 0x09, 0x04, 0x2B, 0x03, 0x52, 0x02, 0x7D, 0x01, 0xB0, 0x00,
    0xEA, 0xFF, 0x2C, 0xFF, 0x76, 0xFE, 0xCA, 0xFD, 0x28, 0xFD, 0x90, 0xFC, 0x04, 0xFC, 0x82, 0xFB,
    0x0D, 0xFB, 0xA3, 0xFA, 0x46, 0xFA, 0xF4, 0xF9, 0xAF, 0xF9, 0x76, 0xF9, 0x49, 0xF9, 0x28, 0xF9,
    0x12, 0xF9, 0x08, 0xF9, 0x08, 0xF9, 0x12, 0xF9, 0x27, 0xF9, 0x45, 0xF9, 0x6B, 0xF9, 0x9A, 0xF9,
    0xD0, 0xF9, 0x0D, 0xFA, 0x4F, 0xFA, 0x97, 0xFA, 0xE4, 0xFA, 0x34, 0xFB, 0x86, 0xFB, 0xDB, 0xFB,
    0x31, 0xFC, 0x88, 0xFC, 0xDE, 0xFC, 0x32, 0xFD, 0x86, 0xFD, 0xD6, 0xFD, 0x23, 0xFE, 0x6D, 0xFE,
    0xB1, 0xFE, 0xF1, 0xFE, 0x2B, 0xFF, 0x5F, 0xFF, 0x8C, 0xFF, 0xB2, 0xFF, 0xD1, 0xFF, 0xE9, 0xFF,
    0xF9, 0xFF, 0x00, 0x00,
};
